clone_id	epitope	subject	va_gene	va_rep	va_mismatches	va_alignlen	va_evalue	va_bitscore_gap	ja_gene	ja_rep	ja_mismatches	ja_alignlen	ja_evalue	ja_bitscore_gap	vb_gene	vb_rep	vb_mismatches	vb_alignlen	vb_evalue	vb_bitscore_gap	jb_gene	jb_rep	jb_mismatches	jb_alignlen	jb_evalue	jb_bitscore_gap	cdr3a	cdr3a_nucseq	cdr3a_quals	cdr3b	cdr3b_nucseq	cdr3b_quals	va_genes	va_reps	va_countreps	ja_genes	ja_reps	ja_countreps	vb_genes	vb_reps	vb_countreps	jb_genes	jb_reps	jb_countreps	va_blast_hits	ja_blast_hits	vb_blast_hits	jb_blast_hits	status	a_protseq_prob	cdr3a_protseq_prob	va_rep_prob	ja_rep_prob	a_nucseq_prob	b_protseq_prob	cdr3b_protseq_prob	vb_rep_prob	jb_rep_prob	b_nucseq_prob	cdr3a_protseq_masked	a_indels	cdr3a_new_nucseq	cdr3b_protseq_masked	b_indels	cdr3b_new_nucseq	members	clone_size
WT1.WT-A10.clone	NP311	WT1	TRAV16N*01	TRAV16D/DV11*03	1	26	6e-47	0	TRAJ22*01	TRAJ22*01	0	10	6e-31	91	TRBV3*01	TRBV3*01	2	77	1e-137	8	TRBJ2-5*01	TRBJ2-5*01	0	9	8e-23	92	CAMRVASSGSWQLIF	tgtgctatgagagttgcatcttctggcagctggcaactcatcttt	60.60.60.60.60.60.60.60.60.60.60.60.60.60.60.60.60.60.60.60.60.60.60.60.60.60.60.60.60.60.60.60.60.60.60.60.60.60.60.60.60.60.60.60.60	CASSLNWQDTQYF	tgtgccagcagcttaaactggcaagacacccagtacttt	60.60.60.60.60.60.60.60.60.60.60.60.60.60.60.60.60.60.60.60.60.60.60.60.60.60.60.60.60.60.60.60.60.60.60.60.60.60.60	TRAV16D/DV11*01;TRAV16N*01	TRAV16*01;TRAV16D/DV11*03	TRAV16	TRAJ22*01	TRAJ22*01	TRAJ22	TRBV3*01	TRBV3*01	TRBV3	TRBJ2-5*01	TRBJ2-5*01	TRBJ2-5	TRAV16N*01:176;TRAV16D/DV11*01:176;TRAV16D/DV11*03:168;TRAV16D/DV11*02:168;TRAV16*02:168;TRAV16*01:168;TRAV16*05:161;TRAV16*04:153;TRAV16*03:147	TRAJ22*01:119	TRBV3*01:476;TRBV3*02:468	TRBJ2-5*01:92	OK	2.15764723699e-06	0.000427161562373	0.079035	0.06391	5.00900565922e-07	3.53783273976e-08	3.64776014952e-06	0.0661	0.14672683941	2.79053375305e-08	----Va---------	+3-2	ttg	-----n-------	+1-14	a+++++	WT1.WT-A10	1
WT1.WT-F2.clone	NP311	WT1	TRAV7-3*04	TRAV7-3*01	1	68	1e-120	113	TRAJ50*01	TRAJ50*01	0	10	2e-32	91	TRBV3*01	TRBV3*01	1	77	1e-138	8	TRBJ2-1*01	TRBJ2-1*01	0	9	1e-24	98	CAVRGNIASSSFSKLVF	tgtgcagtgagggggaacatagcatcctcctccttcagcaagctggtgttt	60.60.60.60.60.60.60.60.60.60.60.60.60.60.60.60.60.60.60.60.60.60.60.60.60.60.60.60.60.60.60.60.60.60.60.60.60.60.60.60.60.60.60.60.60.60.60.60.60.60.60	CASSLGQNYAEQFF	tgtgccagcagcttaggccagaactatgctgagcagttcttc	60.60.60.60.60.60.60.60.60.60.60.60.60.60.60.60.60.60.60.60.60.60.60.60.60.60.60.60.60.60.60.60.60.60.60.60.60.60.60.60.60.60	TRAV7-3*04	TRAV7-3*01	TRAV7-3	TRAJ50*01	TRAJ50*01	TRAJ50	TRBV3*01	TRBV3*01	TRBV3	TRBJ2-1*01	TRBJ2-1*01	TRBJ2-1	TRAV7-3*04:422;TRAV7D-3*02:412;TRAV7D-3*01:406	TRAJ50*01:125	TRBV3*01:478;TRBV3*02:470	TRBJ2-1*01:98	OK	6.29706238048e-11	1.66787320673e-07	0.025745	0.014665	3.73144850121e-12	1.59809271563e-06	0.00019580802185	0.0661	0.123472440546	1.65293534743e-08	---rGNi----------	+8-2	ggggaaca	-----G--------	+2-11	gc+++	WT1.WT-F2	1
WT1.WT-A09.clone	NP311	WT1	TRAV6N-5*01	TRAV6-5*01	3	61	8e-91	57	TRAJ37*01	TRAJ37*01	0	10	1e-30	91	TRBV13-1*02	TRBV13-1*01	1	59	1e-105	193	TRBJ1-1*01	TRBJ1-1*01	0	9	3e-22	66	CVLGITGNTGKLIF	tgtgttctgggtataacaggcaataccggaaaactcatcttt	60.60.60.60.60.60.60.60.60.60.60.60.60.60.60.60.60.60.60.60.60.60.60.60.60.60.60.60.60.60.60.60.60.60.60.60.60.60.60.60.60.60	CASNLQGDYTEVFF	tgtgccagcaacctacagggggactacacagaagtcttcttt	60.60.60.60.60.60.60.60.60.60.60.60.60.60.60.60.60.60.60.60.60.60.60.60.60.60.60.60.60.60.60.60.60.60.60.60.60.60.60.60.60.60	TRAV6D-5*01;TRAV6N-5*01	TRAV6-5*01	TRAV6-5	TRAJ37*01	TRAJ37*01	TRAJ37	TRBV13-1*02	TRBV13-1*01	TRBV13-1	TRBJ1-1*01	TRBJ1-1*01	TRBJ1-1	TRAV6N-5*01:323;TRAV6D-5*01:323;TRAV6-5*04:317;TRAV6-5*03:299;TRAV6-5*02:293;TRAV6-5*01:293	TRAJ37*01:119	TRBV13-1*02:369;TRBV13-1*01:361	TRBJ1-1*01:90;TRBJ1-1*02:82	OK	9.66645937828e-06	0.00286074136566	0.078875	0.04284	4.81675944128e-06	7.01083461432e-12	6.59291532493e-10	0.10967	0.0969626286699	5.61927442868e-13	----i---------	+1-2	a	---NL--Dy-----	+7-13	acct++++++++act	WT1.WT-A09	1
WT1.WT-A07.clone	NP311	WT1	TRAV6-7/DV9*04	TRAV6-7/DV9*04	0	34	1e-61	12	TRAJ57*01	TRAJ57*01	0	10	2e-31	93	TRBV3*01	TRBV3*01	2	77	1e-137	8	TRBJ2-7*01	TRBJ2-7*01	0	9	3e-19	80	CALSENNQGGSAKLIF	tgtgctctgagtgagaataatcaaggagggtctgcgaagctcatcttt	60.60.60.60.60.60.60.60.60.60.60.60.60.60.60.60.60.60.60.60.60.60.60.60.60.60.60.60.60.60.60.60.60.60.60.60.60.60.60.60.60.60.60.60.60.60.60.60	CASSLTGGAREQYF	tgtgccagcagcttaactgggggggcgcgagaacagtacttc	60.60.60.60.60.60.60.60.60.60.60.60.60.60.60.60.60.60.60.60.60.60.60.60.60.60.60.60.60.60.60.60.60.60.60.60.60.60.60.60.60.60	TRAV6-7/DV9*04	TRAV6-7/DV9*04	TRAV6-7/DV9	TRAJ57*01	TRAJ57*01	TRAJ57	TRBV3*01	TRBV3*01	TRBV3	TRBJ2-7*01	TRBJ2-7*01	TRBJ2-7	TRAV6-7/DV9*04:226;TRAV6N-7*01:214;TRAV6D-7*04:214;TRAV6-7/DV9*03:212;TRAV6-7/DV9*02:212	TRAJ57*01:121	TRBV3*01:476;TRBV3*02:468	TRBJ2-7*01:80;TRBJ2-7*02:72	OK	5.07743526206e-09	4.03300134251e-06	0.107375	0.011725	1.19601539174e-09	7.46196753132e-09	6.11180297249e-07	0.0661	0.184706657877	5.80808929606e-11	----EN----------	+6-2	gagaat	--------aR----	+4-12	+++++++++++gcga	WT1.WT-A07	1
WT1.WT-C06.clone	NP311	WT1	TRAV6-7/DV9*04	TRAV6-7/DV9*04	0	34	1e-61	14	TRAJ57*01	TRAJ57*01	0	10	6e-32	95	TRBV3*01	TRBV3*01	2	77	1e-137	8	TRBJ2-7*01	TRBJ2-7*01	0	9	3e-19	80	CALSGPNQGGSAKLIF	tgtgctctgagtggcccgaatcaaggagggtctgcgaagctcatcttt	60.60.60.60.60.60.60.60.60.60.60.60.60.60.60.60.60.60.60.60.60.60.60.60.60.60.60.60.60.60.60.60.60.60.60.60.60.60.60.60.60.60.60.60.60.60.60.60	CASSLTGGAREQYF	tgtgccagcagcttgactgggggggcgcgggaacagtacttc	60.60.60.60.60.60.60.60.60.60.60.60.60.60.60.60.60.60.60.60.60.60.60.60.60.60.60.60.60.60.60.60.60.60.60.60.60.60.60.60.60.60	TRAV6-7/DV9*04	TRAV6-7/DV9*04	TRAV6-7/DV9	TRAJ57*01	TRAJ57*01	TRAJ57	TRBV3*01	TRBV3*01	TRBV3	TRBJ2-7*01	TRBJ2-7*01	TRBJ2-7	TRAV6-7/DV9*04:226;TRAV6N-7*01:212;TRAV6D-7*04:212;TRAV6-7/DV9*03:212;TRAV6-7/DV9*02:212	TRAJ57*01:123	TRBV3*01:476;TRBV3*02:468	TRBJ2-7*01:80;TRBJ2-7*02:72	OK	5.15576732256e-08	4.09522041353e-05	0.107375	0.011725	8.58445029641e-09	7.46196753132e-09	6.11180297249e-07	0.0661	0.184706657877	6.09225975061e-11	----GP----------	+5-1	ggccc	--------aR----	+4-12	++++++++++++gcgg	WT1.WT-C06;WT1.WT-D06;WT1.WT-D09;WT1.WT-G4;WT1.WT-H06;WT1.WT-H07	6
WT1.WT-A06.clone	NP311	WT1	TRAV16D/DV11*03	TRAV16D/DV11*03	1	28	2e-50	8	TRAJ52*01	TRAJ52*01	0	10	6e-28	109	TRBV13-1*02	TRBV13-1*01	2	59	1e-101	196	TRBJ1-2*01	TRBJ1-2*01	0	9	7e-23	68	CAMRPANTGKLTF	tgtgctatgagacccgctaacactggaaagctcacgttt	60.60.60.60.60.60.60.60.60.60.60.60.60.60.60.60.60.60.60.60.60.60.60.60.60.60.60.60.60.60.60.60.60.60.60.60.60.60.60	CASSWDRGNSDYTF	tgtgccagcagttgggacagggggaactccgactacaccttc	60.60.60.60.60.60.60.60.60.60.60.60.60.60.60.60.60.60.60.60.60.60.60.60.60.60.60.60.60.60.60.60.60.60.60.60.60.60.60.60.60.60	TRAV16D/DV11*03	TRAV16D/DV11*03	TRAV16	TRAJ52*01	TRAJ52*01	TRAJ52	TRBV13-1*02	TRBV13-1*01	TRBV13-1	TRBJ1-2*01	TRBJ1-2*01	TRBJ1-2	TRAV16D/DV11*03:188;TRAV16N*01:180;TRAV16D/DV11*01:180;TRAV16D/DV11*02:172;TRAV16*02:172;TRAV16*01:172;TRAV16*05:167;TRAV16*04:159;TRAV16*03:147	TRAJ52*01:109	TRBV13-1*02:357;TRBV13-1*01:349	TRBJ1-2*01:92	OK	2.44614486428e-08	2.00584231699e-05	0.079035	0.01543	2.30524532158e-09	1.19457063114e-07	2.06467918458e-05	0.10967	0.0527559454389	2.95714654395e-08	----P--------	+3-14	ccc	----w---------	+1-7	t+++++++++++	WT1.WT-A06;WT1.WT-A4;WT1.WT-B10;WT1.WT-G06;WT1.WT-H09	5
WT1.WT-B2.clone	NP311	WT1	TRAV6-5*04	TRAV6-5*01	2	61	1e-104	113	TRAJ22*01	TRAJ22*01	0	10	2e-29	87	TRBV1*01	TRBV1*01	1	62	1e-114	21	TRBJ2-5*01	TRBJ2-5*01	0	9	4e-21	86	CALRTSSGSWQLIF	tgtgctctgaggacttcttctggcagctggcaactcatcttt	60.60.60.60.60.60.60.60.60.60.60.60.60.60.60.60.60.60.60.60.60.60.60.60.60.60.60.60.60.60.60.60.60.60.60.60.60.60.60.60.60.60	CTCSAEVGGDTQYF	tgcacctgcagtgcagaggtggggggggacacccagtacttt	60.60.60.60.60.60.60.60.60.60.60.60.60.60.60.60.60.60.60.60.60.60.60.60.60.60.60.60.60.60.60.60.60.60.60.60.60.60.60.60.60.60	TRAV6-5*04	TRAV6-5*01	TRAV6-5	TRAJ22*01	TRAJ22*01	TRAJ22	TRBV1*01	TRBV1*01	TRBV1	TRBJ2-5*01	TRBJ2-5*01	TRBJ2-5	TRAV6-5*04:367;TRAV6N-5*01:363;TRAV6D-5*01:363;TRAV6-5*03:345;TRAV6-5*02:343;TRAV6-5*01:343	TRAJ22*01:115	TRBV1*01:398;TRBV1*02:377	TRBJ2-5*01:86	OK	4.73625269565e-06	0.000939564665277	0.078875	0.06391	6.26566118861e-08	3.96049566239e-08	6.42673938527e-06	0.042	0.14672683941	3.70119569389e-09	---rT---------	+4-5	gact	-----ev-------	+2-12	gg++++++++	WT1.WT-B2;WT1.WT-C2;WT1.WT-E2;WT1.WT-F5;WT1.WT-H10;WT1.WT-H2	6
WT1.WT-B1.clone	NP311	WT1	TRAV6-7/DV9*04	TRAV6-7/DV9*04	0	34	1e-61	12	TRAJ57*01	TRAJ57*01	0	10	9e-31	91	TRBV3*01	TRBV3*01	2	78	1e-137	8	TRBJ2-7*01	TRBJ2-7*01	0	9	3e-19	80	CALSDQNQGGSAKLIF	tgtgctctgagtgatcagaatcaaggagggtctgcgaagctcatcttt	60.60.60.60.60.60.60.60.60.60.60.60.60.60.60.60.60.60.60.60.60.60.60.60.60.60.60.60.60.60.60.60.60.60.60.60.60.60.60.60.60.60.60.60.60.60.60.60	CASSLTGGAREQYF	tgtgccagcagcttgactgggggggcgcgggaacagtacttc	60.60.60.60.60.60.60.60.60.60.60.60.60.60.60.60.60.60.60.60.60.60.60.60.60.60.60.60.60.60.60.60.60.60.60.60.60.60.60.60.60.60	TRAV6-7/DV9*04	TRAV6-7/DV9*04	TRAV6-7/DV9	TRAJ57*01	TRAJ57*01	TRAJ57	TRBV3*01	TRBV3*01	TRBV3	TRBJ2-7*01	TRBJ2-7*01	TRBJ2-7	TRAV6-7/DV9*04:226;TRAV6N-7*01:214;TRAV6D-7*04:214;TRAV6-7/DV9*03:212;TRAV6-7/DV9*02:212	TRAJ57*01:119	TRBV3*01:476;TRBV3*02:468	TRBJ2-7*01:80;TRBJ2-7*02:72	OK	2.07511946225e-08	1.64826514671e-05	0.107375	0.011725	8.58445029641e-09	7.46196753132e-09	6.11180297249e-07	0.0661	0.184706657877	6.09225975061e-11	----DQ----------	+5-1	gatca	--------aR----	+4-12	++++++++++++gcgg	WT1.WT-B1;WT1.WT-B3;WT1.WT-D07;WT1.WT-D4;WT1.WT-F07;WT1.WT-G5	6
WT1.WT-C09.clone	NP311	WT1	TRAV6-7/DV9*04	TRAV6-7/DV9*04	0	34	1e-61	14	TRAJ57*01	TRAJ57*01	0	10	2e-31	93	TRBV3*01	TRBV3*01	0	78	1e-142	8	TRBJ2-7*01	TRBJ2-7*01	0	9	3e-19	80	CALSAPNQGGSAKLIF	tgtgctctgagtgcccccaatcaaggagggtctgcgaagctcatcttt	60.60.60.60.60.60.60.60.60.60.60.60.60.60.60.60.60.60.60.60.60.60.60.60.60.60.60.60.60.60.60.60.60.60.60.60.60.60.60.60.60.60.60.60.60.60.60.60	CASSLTGGAREQYF	tgtgccagcagcttaactgggggggcgcgagaacagtacttc	60.60.60.60.60.60.60.60.60.60.60.60.60.60.60.60.60.60.60.60.60.60.60.60.60.60.60.60.60.60.60.60.60.60.60.60.60.60.60.60.60.60	TRAV6-7/DV9*04	TRAV6-7/DV9*04	TRAV6-7/DV9	TRAJ57*01	TRAJ57*01	TRAJ57	TRBV3*01	TRBV3*01	TRBV3	TRBJ2-7*01	TRBJ2-7*01	TRBJ2-7	TRAV6-7/DV9*04:226;TRAV6N-7*01:212;TRAV6D-7*04:212;TRAV6-7/DV9*03:212;TRAV6-7/DV9*02:212	TRAJ57*01:121	TRBV3*01:494;TRBV3*02:486	TRBJ2-7*01:80;TRBJ2-7*02:72	OK	5.15576732256e-08	4.09522041353e-05	0.107375	0.011725	1.19601539174e-09	7.46196753132e-09	6.11180297249e-07	0.0661	0.184706657877	5.80808929606e-11	----AP----------	+6-2	gccccc	--------aR----	+4-12	+++++++++++gcga	WT1.WT-C09;WT1.WT-F1;WT1.WT-G07	3
WT1.WT-A08.clone	NP311	WT1	TRAV6-7/DV9*04	TRAV6-7/DV9*04	0	34	1e-61	12	TRAJ57*01	TRAJ57*01	0	10	6e-32	95	TRBV3*01	TRBV3*01	1	77	1e-139	8	TRBJ2-7*01	TRBJ2-7*01	0	9	3e-19	80	CALSDPNQGGSAKLIF	tgtgctctgagtgatccgaatcaaggagggtctgcgaagctcatcttt	60.60.60.60.60.60.60.60.60.60.60.60.60.60.60.60.60.60.60.60.60.60.60.60.60.60.60.60.60.60.60.60.60.60.60.60.60.60.60.60.60.60.60.60.60.60.60.60	CASSLTGGAREQYF	tgtgccagcagcttgactgggggggcgcgggaacagtacttc	60.60.60.60.60.60.60.60.60.60.60.60.60.60.60.60.60.60.60.60.60.60.60.60.60.60.60.60.60.60.60.60.60.60.60.60.60.60.60.60.60.60	TRAV6-7/DV9*04	TRAV6-7/DV9*04	TRAV6-7/DV9	TRAJ57*01	TRAJ57*01	TRAJ57	TRBV3*01	TRBV3*01	TRBV3	TRBJ2-7*01	TRBJ2-7*01	TRBJ2-7	TRAV6-7/DV9*04:226;TRAV6N-7*01:214;TRAV6D-7*04:214;TRAV6-7/DV9*03:212;TRAV6-7/DV9*02:212	TRAJ57*01:123	TRBV3*01:482;TRBV3*02:474	TRBJ2-7*01:80;TRBJ2-7*02:72	OK	2.57788366128e-08	2.04761020676e-05	0.107375	0.011725	8.58445029641e-09	7.46196753132e-09	6.11180297249e-07	0.0661	0.184706657877	6.09225975061e-11	----DP----------	+5-1	gatcc	--------aR----	+4-12	++++++++++++gcgg	WT1.WT-A08;WT1.WT-B07;WT1.WT-E09;WT1.WT-H1	4
WT1.WT-B06.clone	NP311	WT1	TRAV6-7/DV9*04	TRAV6-7/DV9*04	0	34	1e-61	12	TRAJ57*01	TRAJ57*01	0	10	6e-32	95	TRBV3*01	TRBV3*01	6	77	1e-126	8	TRBJ2-7*01	TRBJ2-7*01	0	9	3e-19	80	CALSEPNQGGSAKLIF	tgtgctctgagtgagccgaatcaaggagggtctgcgaagctcatcttt	60.60.60.60.60.60.60.60.60.60.60.60.60.60.60.60.60.60.60.60.60.60.60.60.60.60.60.60.60.60.60.60.60.60.60.60.60.60.60.60.60.60.60.60.60.60.60.60	CASSRTGGAREQYF	tgtgccagcagccggactgggggggcgagggaacagtacttc	60.60.60.60.60.60.60.60.60.60.60.60.60.60.60.60.60.60.60.60.60.60.60.60.60.60.60.60.60.60.60.60.60.60.60.60.60.60.60.60.60.60	TRAV6-7/DV9*04	TRAV6-7/DV9*04	TRAV6-7/DV9	TRAJ57*01	TRAJ57*01	TRAJ57	TRBV3*01	TRBV3*01	TRBV3	TRBJ2-7*01	TRBJ2-7*01	TRBJ2-7	TRAV6-7/DV9*04:226;TRAV6N-7*01:214;TRAV6D-7*04:214;TRAV6-7/DV9*03:212;TRAV6-7/DV9*02:212	TRAJ57*01:123	TRBV3*01:438;TRBV3*02:430	TRBJ2-7*01:80;TRBJ2-7*02:72	OK	2.57788366128e-08	2.04761020676e-05	0.107375	0.011725	8.58445029641e-09	9.57510052645e-10	7.8425867727e-08	0.0661	0.184706657877	6.61890270048e-12	----EP----------	+5-1	gagcc	----r---aR----	+5-13	c+++++++++++++gagg	WT1.WT-B06	1
WT1.WT-G10.clone	NP311	WT1	TRAV6N-5*01	TRAV6-5*01	3	61	3e-90	55	TRAJ40*01	TRAJ40*01	0	10	1e-30	83	TRBV3*01	TRBV3*01	2	77	1e-137	8	TRBJ2-7*01	TRBJ2-7*01	0	9	5e-21	86	CVLGPINTGNYKYVF	tgtgttctgggcccaattaatacaggaaactacaaatacgtcttt	60.60.60.60.60.60.60.60.60.60.60.60.60.60.60.60.60.60.60.60.60.60.60.60.60.60.60.60.60.60.60.60.60.60.60.60.60.60.60.60.60.60.60.60.60	CASSLQYEQYF	tgtgccagcagcttacaatatgaacagtacttc	60.60.60.60.60.60.60.60.60.60.60.60.60.60.60.60.60.60.60.60.60.60.60.60.60.60.60.60.60.60.60.60.60	TRAV6D-5*01;TRAV6N-5*01	TRAV6-5*01	TRAV6-5	TRAJ40*01	TRAJ40*01	TRAJ40	TRBV3*01	TRBV3*01	TRBV3	TRBJ2-7*01	TRBJ2-7*01	TRBJ2-7	TRAV6N-5*01:321;TRAV6D-5*01:321;TRAV6-5*04:317;TRAV6-5*03:299;TRAV6-5*02:293;TRAV6-5*01:293	TRAJ40*01:119	TRBV3*01:476;TRBV3*02:468	TRBJ2-7*01:86;TRBJ2-7*02:78	OK	2.37704030247e-07	8.42516146686e-05	0.078875	0.03577	6.14136223852e-09	1.23504843293e-06	0.000101157940609	0.0661	0.184706657877	1.31359617858e-07	---gPi---------	+5-4	cccaa	-----q-----	+1-16	++a	WT1.WT-G10	1
WT1.WT-E3.clone	NP311	WT1	TRAV6-7/DV9*04	TRAV6-7/DV9*04	0	34	1e-61	12	TRAJ57*01	TRAJ57*01	0	10	6e-32	95	TRBV3*01	TRBV3*01	3	77	1e-127	8	TRBJ2-7*01	TRBJ2-7*01	0	9	3e-19	80	CALSDSNQGGSAKLIF	tgtgctctgagtgactcgaatcaaggagggtctgcgaagctcatcttt	60.60.60.60.60.60.60.60.60.60.60.60.60.60.60.60.60.60.60.60.60.60.60.60.60.60.60.60.60.60.60.60.60.60.60.60.60.60.60.60.60.60.60.60.60.60.60.60	CASSLTGGAREQYF	tgtgccagcagcttgacggggggggcgcgggaacagtacttc	60.60.60.60.60.60.60.60.60.60.60.60.60.60.60.60.60.60.60.60.60.60.60.60.60.60.60.60.60.60.60.60.60.60.60.60.60.60.60.60.60.60	TRAV6-7/DV9*04	TRAV6-7/DV9*04	TRAV6-7/DV9	TRAJ57*01	TRAJ57*01	TRAJ57	TRBV3*01	TRBV3*01	TRBV3	TRBJ2-7*01	TRBJ2-7*01	TRBJ2-7	TRAV6-7/DV9*04:226;TRAV6N-7*01:214;TRAV6D-7*04:214;TRAV6-7/DV9*03:212;TRAV6-7/DV9*02:212	TRAJ57*01:123	TRBV3*01:442;TRBV3*02:434	TRBJ2-7*01:80;TRBJ2-7*02:72	OK	3.08064786031e-08	2.44695526682e-05	0.107375	0.011725	8.58445029641e-09	7.46196753132e-09	6.11180297249e-07	0.0661	0.184706657877	7.45795320789e-14	----DS----------	+5-1	gactc	----lT--aR----	+8-16	gacg++++++++gcgg	WT1.WT-E3	1
WT1.WT-C3.clone	NP311	WT1	TRAV6-7/DV9*04	TRAV6-7/DV9*04	0	34	1e-61	12	TRAJ57*01	TRAJ57*01	0	10	2e-31	93	TRBV3*01	TRBV3*01	0	78	1e-139	8	TRBJ2-7*01	TRBJ2-7*01	0	9	3e-19	80	CALSEGNQGGSAKLIF	tgtgctctgagtgagggcaatcaaggagggtctgcgaagctcatcttt	60.60.60.60.60.60.60.60.60.60.60.60.60.60.60.60.60.60.60.60.60.60.60.60.60.60.60.60.60.60.60.60.60.60.60.60.60.60.60.60.60.60.60.60.60.60.60.60	CASSSTGGAREQYF	tgtgccagcagctcgactgggggggcgcgggaacagtacttc	60.60.60.60.60.60.60.60.60.60.60.60.60.60.60.60.60.60.60.60.60.60.60.60.60.60.60.60.60.60.60.60.60.60.60.60.60.60.60.60.60.60	TRAV6-7/DV9*04	TRAV6-7/DV9*04	TRAV6-7/DV9	TRAJ57*01	TRAJ57*01	TRAJ57	TRBV3*01	TRBV3*01	TRBV3	TRBJ2-7*01	TRBJ2-7*01	TRBJ2-7	TRAV6-7/DV9*04:226;TRAV6N-7*01:214;TRAV6D-7*04:214;TRAV6-7/DV9*03:212;TRAV6-7/DV9*02:212	TRAJ57*01:121	TRBV3*01:482;TRBV3*02:474	TRBJ2-7*01:80;TRBJ2-7*02:72	OK	2.57788366128e-08	2.04761020676e-05	0.107375	0.011725	1.19601539174e-09	1.14831709179e-09	9.40541189104e-08	0.0661	0.184706657877	1.18185176872e-11	----EG----------	+6-2	gagggc	----s---aR----	+5-13	c++++++++++++gcgg	WT1.WT-C3	1
WT1.WT-B08.clone	NP311	WT1	TRAV6-7/DV9*04	TRAV6-7/DV9*04	0	34	1e-61	14	TRAJ57*01	TRAJ57*01	0	10	6e-32	95	TRBV3*01	TRBV3*01	0	78	1e-142	8	TRBJ2-7*01	TRBJ2-7*01	0	9	3e-19	80	CALSASNQGGSAKLIF	tgtgctctgagtgcttcgaatcaaggagggtctgcgaagctcatcttt	60.60.60.60.60.60.60.60.60.60.60.60.60.60.60.60.60.60.60.60.60.60.60.60.60.60.60.60.60.60.60.60.60.60.60.60.60.60.60.60.60.60.60.60.60.60.60.60	CASSLTGGAREQYF	tgtgccagcagcttgactgggggggcgcgggaacagtacttc	60.60.60.60.60.60.60.60.60.60.60.60.60.60.60.60.60.60.60.60.60.60.60.60.60.60.60.60.60.60.60.60.60.60.60.60.60.60.60.60.60.60	TRAV6-7/DV9*04	TRAV6-7/DV9*04	TRAV6-7/DV9	TRAJ57*01	TRAJ57*01	TRAJ57	TRBV3*01	TRBV3*01	TRBV3	TRBJ2-7*01	TRBJ2-7*01	TRBJ2-7	TRAV6-7/DV9*04:226;TRAV6N-7*01:212;TRAV6D-7*04:212;TRAV6-7/DV9*03:212;TRAV6-7/DV9*02:212	TRAJ57*01:123	TRBV3*01:492;TRBV3*02:484	TRBJ2-7*01:80;TRBJ2-7*02:72	OK	6.16129572063e-08	4.89391053365e-05	0.107375	0.011725	8.58445029641e-09	7.46196753132e-09	6.11180297249e-07	0.0661	0.184706657877	6.09225975061e-11	----AS----------	+5-1	gcttc	--------aR----	+4-12	++++++++++++gcgg	WT1.WT-B08;WT1.WT-E10	2
WT1.WT-B4.clone	NP311	WT1	TRAV16D/DV11*03	TRAV16D/DV11*03	1	29	3e-52	8	TRAJ52*01	TRAJ52*01	0	10	7e-28	109	TRBV13-1*02	TRBV13-1*01	1	55	1e-98	196	TRBJ1-2*01	TRBJ1-2*01	0	9	1e-20	60	CAMRPANTGKLTF	tgtgctatgagacccgctaacactggaaagctcacgttt	60.60.60.60.60.60.60.60.60.60.60.60.60.60.60.60.60.60.60.60.60.60.60.60.60.60.60.60.60.60.60.60.60.60.60.60.60.60.60	CASSWDRGNSDYTF	tgtgccagcagttgggacagggggaactccgattacaccttc	60.60.60.60.60.60.60.60.60.60.60.60.60.60.60.60.60.60.60.60.60.60.60.60.60.60.60.60.60.60.60.60.60.60.60.60.60.60.60.60.60.60	TRAV16D/DV11*03	TRAV16D/DV11*03	TRAV16	TRAJ52*01	TRAJ52*01	TRAJ52	TRBV13-1*02	TRBV13-1*01	TRBV13-1	TRBJ1-2*01	TRBJ1-2*01	TRBJ1-2	TRAV16D/DV11*03:194;TRAV16N*01:186;TRAV16D/DV11*01:186;TRAV16D/DV11*02:178;TRAV16*02:178;TRAV16*01:178;TRAV16*05:172;TRAV16*04:165;TRAV16*03:151	TRAJ52*01:109	TRBV13-1*02:347;TRBV13-1*01:339	TRBJ1-2*01:84	OK	2.44614486428e-08	2.00584231699e-05	0.079035	0.01543	2.30524532158e-09	1.19457063114e-07	2.06467918458e-05	0.10967	0.0527559454389	2.95714654395e-08	----P--------	+3-14	ccc	----w---------	+1-7	t+++++++++++	WT1.WT-B4;WT1.WT-E5	2
WT1.WT-C5.clone	NP311	WT1	TRAV6-7/DV9*04	TRAV6-7/DV9*04	0	34	1e-61	12	TRAJ57*01	TRAJ57*01	0	10	1e-29	87	TRBV3*01	TRBV3*01	1	77	1e-139	8	TRBJ2-7*01	TRBJ2-7*01	0	9	3e-19	80	CALSDQNQGGSVKLIF	tgtgctctgagtgatcagaatcaaggagggtctgtgaagctcatcttt	60.60.60.60.60.60.60.60.60.60.60.60.60.60.60.60.60.60.60.60.60.60.60.60.60.60.60.60.60.60.60.60.60.60.60.60.60.60.60.60.60.60.60.60.60.60.60.60	CASSLTGGAREQYF	tgtgccagcagcttgactgggggggcgcgggaacagtacttc	60.60.60.60.60.60.60.60.60.60.60.60.60.60.60.60.60.60.60.60.60.60.60.60.60.60.60.60.60.60.60.60.60.60.60.60.60.60.60.60.60.60	TRAV6-7/DV9*04	TRAV6-7/DV9*04	TRAV6-7/DV9	TRAJ57*01	TRAJ57*01	TRAJ57	TRBV3*01	TRBV3*01	TRBV3	TRBJ2-7*01	TRBJ2-7*01	TRBJ2-7	TRAV6-7/DV9*04:226;TRAV6N-7*01:214;TRAV6D-7*04:214;TRAV6-7/DV9*03:212;TRAV6-7/DV9*02:212	TRAJ57*01:115	TRBV3*01:482;TRBV3*02:474	TRBJ2-7*01:80;TRBJ2-7*02:72	OK	2.07511946225e-08	1.64826514671e-05	0.107375	0.011725	8.58445029641e-09	7.46196753132e-09	6.11180297249e-07	0.0661	0.184706657877	6.09225975061e-11	----DQ----------	+5-1	gatca	--------aR----	+4-12	++++++++++++gcgg	WT1.WT-C5	1
WT1.WT-D1.clone	NP311	WT1	TRAV6-7/DV9*04	TRAV6-7/DV9*04	0	34	1e-61	14	TRAJ57*01	TRAJ57*01	0	10	6e-32	95	TRBV3*01	TRBV3*01	9	77	1e-108	8	TRBJ2-7*01	TRBJ2-7*01	0	9	3e-19	80	CALSASNQGGSAKLIF	tgtgctctgagtgcttcgaatcaaggagggtctgcgaagctcatcttt	60.60.60.60.60.60.60.60.60.60.60.60.60.60.60.60.60.60.60.60.60.60.60.60.60.60.60.60.60.60.60.60.60.60.60.60.60.60.60.60.60.60.60.60.60.60.60.60	CASSLGGGAREQYF	tgtgccagcagcttgggggggggggcgcgggaacagtacttc	60.60.60.60.60.60.60.60.60.60.60.60.60.60.60.60.60.60.60.60.60.60.60.60.60.60.60.60.60.60.60.60.60.60.60.60.60.60.60.60.60.60	TRAV6-7/DV9*04	TRAV6-7/DV9*04	TRAV6-7/DV9	TRAJ57*01	TRAJ57*01	TRAJ57	TRBV3*01	TRBV3*01	TRBV3	TRBJ2-7*01	TRBJ2-7*01	TRBJ2-7	TRAV6-7/DV9*04:226;TRAV6N-7*01:212;TRAV6D-7*04:212;TRAV6-7/DV9*03:212;TRAV6-7/DV9*02:212	TRAJ57*01:123	TRBV3*01:379;TRBV3*02:371	TRBJ2-7*01:80;TRBJ2-7*02:72	OK	6.16129572063e-08	4.89391053365e-05	0.107375	0.011725	8.58445029641e-09	1.26639883635e-09	1.03725728367e-07	0.0661	0.184706657877	8.38385177659e-14	----AS----------	+5-1	gcttc	----lG--aR----	+8-16	gggg++++++++gcgg	WT1.WT-D1	1
WT1.WT-B5.clone	NP311	WT1	TRAV6-7/DV9*04	TRAV6-7/DV9*04	0	34	1e-61	12	TRAJ57*01	TRAJ57*01	0	10	6e-32	95	TRBV3*01	TRBV3*01	0	78	1e-139	8	TRBJ2-7*01	TRBJ2-7*01	0	9	3e-19	80	CALSDSNQGGSAKLIF	tgtgctctgagtgactcgaatcaaggagggtctgcgaagctcatcttt	60.60.60.60.60.60.60.60.60.60.60.60.60.60.60.60.60.60.60.60.60.60.60.60.60.60.60.60.60.60.60.60.60.60.60.60.60.60.60.60.60.60.60.60.60.60.60.60	CASSSTGGAREQYF	tgtgccagcagctcgactgggggggcgcgggaacagtacttc	60.60.60.60.60.60.60.60.60.60.60.60.60.60.60.60.60.60.60.60.60.60.60.60.60.60.60.60.60.60.60.60.60.60.60.60.60.60.60.60.60.60	TRAV6-7/DV9*04	TRAV6-7/DV9*04	TRAV6-7/DV9	TRAJ57*01	TRAJ57*01	TRAJ57	TRBV3*01	TRBV3*01	TRBV3	TRBJ2-7*01	TRBJ2-7*01	TRBJ2-7	TRAV6-7/DV9*04:226;TRAV6N-7*01:214;TRAV6D-7*04:214;TRAV6-7/DV9*03:212;TRAV6-7/DV9*02:212	TRAJ57*01:123	TRBV3*01:482;TRBV3*02:474	TRBJ2-7*01:80;TRBJ2-7*02:72	OK	3.08064786031e-08	2.44695526682e-05	0.107375	0.011725	8.58445029641e-09	1.14831709179e-09	9.40541189104e-08	0.0661	0.184706657877	1.18185176872e-11	----DS----------	+5-1	gactc	----s---aR----	+5-13	c++++++++++++gcgg	WT1.WT-B5;WT1.WT-C07;WT1.WT-C08;WT1.WT-F08;WT1.WT-G08;WT1.WT-G09	6
WT1.WT-B09.clone	NP311	WT1	TRAV6-7/DV9*04	TRAV6-7/DV9*04	0	34	1e-61	12	TRAJ57*01	TRAJ57*01	0	10	6e-32	95	TRBV3*01	TRBV3*01	1	78	1e-139	8	TRBJ2-7*01	TRBJ2-7*01	0	9	3e-19	80	CALSETNQGGSAKLIF	tgtgctctgagtgagacgaatcaaggagggtctgcgaagctcatcttt	60.60.60.60.60.60.60.60.60.60.60.60.60.60.60.60.60.60.60.60.60.60.60.60.60.60.60.60.60.60.60.60.60.60.60.60.60.60.60.60.60.60.60.60.60.60.60.60	CASSSTGGAREQYF	tgtgccagcagctcaactgggggggcgcgggaacagtacttc	60.60.60.60.60.60.60.60.60.60.60.60.60.60.60.60.60.60.60.60.60.60.60.60.60.60.60.60.60.60.60.60.60.60.60.60.60.60.60.60.60.60	TRAV6-7/DV9*04	TRAV6-7/DV9*04	TRAV6-7/DV9	TRAJ57*01	TRAJ57*01	TRAJ57	TRBV3*01	TRBV3*01	TRBV3	TRBJ2-7*01	TRBJ2-7*01	TRBJ2-7	TRAV6-7/DV9*04:226;TRAV6N-7*01:214;TRAV6D-7*04:214;TRAV6-7/DV9*03:212;TRAV6-7/DV9*02:212	TRAJ57*01:123	TRBV3*01:482;TRBV3*02:474	TRBJ2-7*01:80;TRBJ2-7*02:72	OK	2.57788366128e-08	2.04761020676e-05	0.107375	0.011725	8.58445029641e-09	1.14831709179e-09	9.40541189104e-08	0.0661	0.184706657877	2.11033485025e-12	----ET----------	+5-1	gagac	----S---aR----	+6-14	ca+++++++++++gcgg	WT1.WT-B09;WT1.WT-F4	2
WT1.WT-G3.clone	NP311	WT1	TRAV4D-3*03	TRAV4D-3*03	1	36	1e-61	16	TRAJ33*01	TRAJ33*01	0	10	8e-28	109	TRBV3*01	TRBV3*01	2	77	1e-135	8	TRBJ2-4*01	TRBJ2-4*01	0	9	1e-24	98	CAVDSNYQLIW	tgtgctgtcgatagcaactatcagttgatctgg	60.60.60.60.60.60.60.60.60.60.60.60.60.60.60.60.60.60.60.60.60.60.60.60.60.60.60.60.60.60.60.60.60	CASSPWASQNTLYF	tgtgccagcagcccctgggctagtcaaaacaccttgtacttt	60.60.60.60.60.60.60.60.60.60.60.60.60.60.60.60.60.60.60.60.60.60.60.60.60.60.60.60.60.60.60.60.60.60.60.60.60.60.60.60.60.60	TRAV4D-3*03	TRAV4D-3*03	TRAV4D-3	TRAJ33*01	TRAJ33*01	TRAJ33	TRBV3*01	TRBV3*01	TRBV3	TRBJ2-4*01	TRBJ2-4*01	TRBJ2-4	TRAV4D-3*03:226;TRAV4N-3*01:210;TRAV4D-4*02:210;TRAV4D-3*01:210;TRAV4-3*02:210;TRAV4-3*01:210;TRAV4N-4*01:202;TRAV4D-4*04:202;TRAV4D-4*03:202;TRAV4D-3*04:202;TRAV4D-3*02:202;TRAV4D-4*01:194;TRAV4-4/DV10*01:180;TRAV4-2*02:178;TRAV4-2*01:176	TRAJ33*01:109	TRBV3*01:470;TRBV3*02:462	TRBJ2-4*01:98	OK	2.16193126296e-06	0.0016780784777	0.056805	0.02268	1.15740482192e-07	3.67326390409e-09	6.05615549249e-07	0.0661	0.0917600527357	5.38622059764e-10	--V--------	+2-8	tc	----P-A-------	+4-14	cc+++++ct	WT1.WT-G3	1
LCK2.LCK-H10.clone	NP311_LCK	LCK2	TRAV6-5*04	TRAV6-5*01	1	61	1e-104	103	TRAJ40*01	TRAJ40*01	0	10	1e-30	83	TRBV3*01	TRBV3*01	5	78	1e-123	8	TRBJ2-7*01	TRBJ2-7*01	0	9	5e-21	86	CALSPINTGNYKYVF	tgtgctctgagcccgattaatacaggaaactacaaatacgtcttt	60.60.60.60.60.60.60.60.60.60.60.60.60.60.60.60.60.60.60.60.60.60.60.60.60.60.60.60.60.60.60.60.60.60.60.60.60.60.60.60.60.60.60.60.60	CASSLQYEQYF	tgcgccagcagcttacagtatgaacagtacttc	60.60.60.60.60.60.60.60.60.60.60.60.60.60.60.60.60.60.60.60.60.60.60.60.60.60.60.60.60.60.60.60.60	TRAV6-5*04	TRAV6-5*01	TRAV6-5	TRAJ40*01	TRAJ40*01	TRAJ40	TRBV3*01	TRBV3*01	TRBV3	TRBJ2-7*01	TRBJ2-7*01	TRBJ2-7	TRAV6-5*04:369;TRAV6N-5*01:365;TRAV6D-5*01:365;TRAV6-5*03:347;TRAV6-5*02:345;TRAV6-5*01:345	TRAJ40*01:119	TRBV3*01:430;TRBV3*02:422	TRBJ2-7*01:86;TRBJ2-7*02:78	OK	1.8781787395e-07	6.65700077842e-05	0.078875	0.03577	6.14136223852e-09	1.23504843293e-06	0.000101157940609	0.0661	0.184706657877	9.38139671935e-07	---sPi---------	+5-4	cccga	-----------	+0-15	+++	LCK2.LCK-H10	1
LCK2.LCK-B03.clone	NP311_LCK	LCK2	TRAV16N*01	TRAV16D/DV11*03	1	26	9e-46	0	TRAJ37*01	TRAJ37*01	0	10	4e-29	85	TRBV13-1*02	TRBV13-1*01	0	55	1e-101	198	TRBJ1-2*01	TRBJ1-2*01	0	9	2e-23	70	CAMRSGNTGKLIF	tgtgctatgaggtcaggcaataccggaaaactcatcttt	60.60.60.60.60.60.60.60.60.60.60.60.60.60.60.60.60.60.60.60.60.60.60.60.60.60.60.60.60.60.60.60.60.60.60.60.60.60.60	CASSEDRGNSDYTF	tgtgccagcagtgaggacaggggaaactccgactacaccttc	60.60.60.60.60.60.60.60.60.60.60.60.60.60.60.60.60.60.60.60.60.60.60.60.60.60.60.60.60.60.60.60.60.60.60.60.60.60.60.60.60.60	TRAV16D/DV11*01;TRAV16N*01	TRAV16*01;TRAV16D/DV11*03	TRAV16	TRAJ37*01	TRAJ37*01	TRAJ37	TRBV13-1*02	TRBV13-1*01	TRBV13-1	TRBJ1-2*01	TRBJ1-2*01	TRBJ1-2	TRAV16N*01:172;TRAV16D/DV11*01:172;TRAV16D/DV11*03:165;TRAV16D/DV11*02:165;TRAV16*02:165;TRAV16*01:165;TRAV16*05:161;TRAV16*04:153;TRAV16*03:147	TRAJ37*01:113	TRBV13-1*02:355;TRBV13-1*01:347	TRBJ1-2*01:94	OK	4.99342982014e-06	0.0014747894789	0.079035	0.04284	6.32048626987e-07	4.14481025083e-07	7.16383211328e-05	0.10967	0.0527559454389	1.74413628213e-07	---rs--------	+2-7	gt	--------------	+0-6	+++++++++	LCK2.LCK-B03;LCK2.LCK-C02;LCK2.LCK-C05;LCK2.LCK-D02;LCK2.LCK-E05;LCK2.LCK-G04;LCK2.LCK-H02	7
LCK2.LCK-A05.clone	NP311_LCK	LCK2	TRAV16D/DV11*02	TRAV16*01	4	56	2e-88	8	TRAJ37*01	TRAJ37*01	0	10	7e-29	85	TRBV13-1*02	TRBV13-1*01	2	59	5e-99	179	TRBJ1-4*02	TRBJ1-4*01	0	9	6e-24	70	CAMRAGNTGKLIF	tgtgctatgagagcaggcaataccggaaaactcatcttt	60.60.60.60.60.60.60.60.60.60.60.60.60.60.60.60.60.60.60.60.60.60.60.60.60.60.60.60.60.60.60.60.60.60.60.60.60.60.60	CASSRDRPNERLFF	tgtgccagcagccgggacagacccaacgaaagattatttttc	60.60.60.60.60.60.60.60.60.60.60.60.60.60.60.60.60.60.60.60.60.60.60.60.60.60.60.60.60.60.60.60.60.60.60.60.60.60.60.60.60.60	TRAV16*01;TRAV16D/DV11*02	TRAV16*01	TRAV16	TRAJ37*01	TRAJ37*01	TRAJ37	TRBV13-1*02	TRBV13-1*01	TRBV13-1	TRBJ1-4*02	TRBJ1-4*01	TRBJ1-4	TRAV16D/DV11*02:315;TRAV16*01:315;TRAV16N*01:307;TRAV16D/DV11*01:307;TRAV16*05:307;TRAV16*02:307;TRAV16D/DV11*03:299;TRAV16*04:291	TRAJ37*01:113	TRBV13-1*02:349;TRBV13-1*01:341	TRBJ1-4*02:96;TRBJ1-4*01:88	OK	7.64178317213e-06	0.00225697002425	0.079035	0.04284	5.92389854859e-06	2.5870529998e-08	4.6792112965e-06	0.10967	0.0504132650474	5.09431768621e-10	-------------	+0-7	-	---sr-rp------	+4-13	cc+++++++ac	LCK2.LCK-A05;LCK2.LCK-F09	2
LCK2.LCK-D01.clone	NP311_LCK	LCK2	TRAV6N-7*01	TRAV6-7/DV9*02	0	34	2e-60	10	TRAJ22*01	TRAJ22*01	0	10	9e-31	91	TRBV2*01	TRBV2*01	1	31	1e-54	166	TRBJ1-5*01	TRBJ1-5*01	0	9	1e-20	12	CALVASSGSWQLIF	tgtgctctggtcgcatcttctggcagctggcaactcatcttt	60.60.60.60.60.60.60.60.60.60.60.60.60.60.60.60.60.60.60.60.60.60.60.60.60.60.60.60.60.60.60.60.60.60.60.60.60.60.60.60.60.60	CASGGQNQAPLF	tgtgccagcgggggacagaaccaggctccgcttttt	60.60.60.60.60.60.60.60.60.60.60.60.60.60.60.60.60.60.60.60.60.60.60.60.60.60.60.60.60.60.60.60.60.60.60.60	TRAV6-7/DV9*02;TRAV6-7/DV9*03;TRAV6D-7*04;TRAV6N-7*01	TRAV6-7/DV9*02	TRAV6-7/DV9	TRAJ22*01	TRAJ22*01	TRAJ22	TRBV2*01	TRBV2*01	TRBV2	TRBJ1-5*01	TRBJ1-5*01	TRBJ1-5	TRAV6N-7*01:222;TRAV6D-7*04:222;TRAV6-7/DV9*03:222;TRAV6-7/DV9*02:222;TRAV6-7/DV9*04:212;TRAV6-2*02:184;TRAV6-2*03:182;TRAV6-2*01:176	TRAJ22*01:119	TRBV2*01:200	TRBJ1-5*01:84;TRBJ1-5*02:72;TRBJ1-5*03:68	OK	1.78075488199e-06	0.000259496885189	0.107375	0.06391	4.0219140749e-07	1.95284126504e-10	4.93622618824e-07	0.02962	0.0133563206734	8.27129088929e-11	---Va---------	+3-4	tcg	---G--------	+2-17	gg+++++++	LCK2.LCK-D01;LCK2.LCK-F05	2
LCK2.LCK-A06.clone	NP311_LCK	LCK2	TRAV6N-7*01	TRAV6-7/DV9*02	0	34	4e-61	12	TRAJ11*01	TRAJ11*01	0	10	8e-28	85	TRBV13-2*01	TRBV13-2*01	2	89	1e-156	93	TRBJ2-5*01	TRBJ2-5*01	0	9	9e-23	92	CALGASGYNKLTF	tgtgctctgggggcttcgggatacaacaaactcactttt	60.60.60.60.60.60.60.60.60.60.60.60.60.60.60.60.60.60.60.60.60.60.60.60.60.60.60.60.60.60.60.60.60.60.60.60.60.60.60	CASGARDRQDTQYF	tgtgccagcggtgccagggacagacaagacacccagtacttt	60.60.60.60.60.60.60.60.60.60.60.60.60.60.60.60.60.60.60.60.60.60.60.60.60.60.60.60.60.60.60.60.60.60.60.60.60.60.60.60.60.60	TRAV6-7/DV9*02;TRAV6-7/DV9*03;TRAV6D-7*04;TRAV6N-7*01	TRAV6-7/DV9*02	TRAV6-7/DV9	TRAJ11*01	TRAJ11*01	TRAJ11	TRBV13-2*01	TRBV13-2*01	TRBV13-2	TRBJ2-5*01	TRBJ2-5*01	TRBJ2-5	TRAV6N-7*01:224;TRAV6D-7*04:224;TRAV6-7/DV9*03:224;TRAV6-7/DV9*02:224;TRAV6-7/DV9*04:212;TRAV6-2*02:186;TRAV6-2*03:180;TRAV6-2*01:178	TRAJ11*01:109	TRBV13-2*01:539;TRBV13-2*03:537;TRBV13-2*04:525;TRBV13-2*02:511	TRBJ2-5*01:92	OK	3.24209039738e-06	0.00244684682719	0.107375	0.01234	1.34283096311e-08	5.7314439381e-08	3.06008624632e-06	0.12765	0.14672683941	1.91623120178e-09	---gA--------	+4-7	ggct	----Ar-r------	+4-11	cca+++++++a	LCK2.LCK-A06	1
LCK2.LCK-F02.clone	NP311_LCK	LCK2	TRAV14N-2*01	TRAV14-2*01	1	89	1e-158	71	TRAJ22*01	TRAJ22*01	0	10	2e-30	91	TRBV2*01	TRBV2*01	1	36	4e-67	206	TRBJ1-5*01	TRBJ1-5*01	0	9	2e-19	8	CAASASSGSWQLIF	tgtgcagcaagcgcatcttctggcagctggcaactcatcttt	60.60.60.60.60.60.60.60.60.60.60.60.60.60.60.60.60.60.60.60.60.60.60.60.60.60.60.60.60.60.60.60.60.60.60.60.60.60.60.60.60.60	CASSQASQAPLF	tgtgccagcagccaagccagccaggctccgcttttt	60.60.60.60.60.60.60.60.60.60.60.60.60.60.60.60.60.60.60.60.60.60.60.60.60.60.60.60.60.60.60.60.60.60.60.60	TRAV14-2*01;TRAV14D-2*03;TRAV14N-2*01	TRAV14-2*01	TRAV14-2	TRAJ22*01	TRAJ22*01	TRAJ22	TRBV2*01	TRBV2*01	TRBV2	TRBJ1-5*01	TRBJ1-5*01	TRBJ1-5	TRAV14N-2*01:547;TRAV14D-2*03:547;TRAV14-2*01:547;TRAV14-2*03:515	TRAJ22*01:119	TRBV2*01:242	TRBJ1-5*01:80;TRBJ1-5*02:72;TRBJ1-5*03:64	OK	4.91785448944e-05	0.0143442421278	0.053645	0.06391	1.46177475281e-06	5.71232696778e-09	1.44391346491e-05	0.02962	0.0133563206734	2.05460232826e-09	---sa---------	+2-2	cg	-----a------	+1-16	c+++	LCK2.LCK-F02	1
LCK2.LCK-A01.clone	NP311_LCK	LCK2	TRAV6-5*04	TRAV6-5*01	0	61	1e-109	115	TRAJ40*01	TRAJ40*01	0	10	1e-30	83	TRBV3*01	TRBV3*01	2	77	1e-137	8	TRBJ2-7*01	TRBJ2-7*01	0	9	5e-21	86	CALSPINTGNYKYVF	tgtgctctgagcccgattaatacaggaaactacaaatacgtcttt	60.60.60.60.60.60.60.60.60.60.60.60.60.60.60.60.60.60.60.60.60.60.60.60.60.60.60.60.60.60.60.60.60.60.60.60.60.60.60.60.60.60.60.60.60	CASSLQYEQYF	tgtgccagcagcttacagtatgaacagtacttc	60.60.60.60.60.60.60.60.60.60.60.60.60.60.60.60.60.60.60.60.60.60.60.60.60.60.60.60.60.60.60.60.60	TRAV6-5*04	TRAV6-5*01	TRAV6-5	TRAJ40*01	TRAJ40*01	TRAJ40	TRBV3*01	TRBV3*01	TRBV3	TRBJ2-7*01	TRBJ2-7*01	TRBJ2-7	TRAV6-5*04:385;TRAV6N-5*01:381;TRAV6D-5*01:381;TRAV6-5*03:363;TRAV6-5*02:361;TRAV6-5*01:361	TRAJ40*01:119	TRBV3*01:476;TRBV3*02:468	TRBJ2-7*01:86;TRBJ2-7*02:78	OK	1.8781787395e-07	6.65700077842e-05	0.078875	0.03577	6.14136223852e-09	1.23504843293e-06	0.000101157940609	0.0661	0.184706657877	9.38139671935e-07	---sPi---------	+5-4	cccga	-----------	+0-15	+++	LCK2.LCK-A01;LCK2.LCK-A07;LCK2.LCK-A09;LCK2.LCK-B02;LCK2.LCK-B04;LCK2.LCK-B09;LCK2.LCK-B10;LCK2.LCK-C01;LCK2.LCK-C03;LCK2.LCK-C07;LCK2.LCK-C08;LCK2.LCK-C09;LCK2.LCK-D04;LCK2.LCK-D06;LCK2.LCK-D07;LCK2.LCK-E01;LCK2.LCK-E03;LCK2.LCK-E04;LCK2.LCK-E06;LCK2.LCK-E07;LCK2.LCK-E08;LCK2.LCK-E09;LCK2.LCK-E10;LCK2.LCK-F04;LCK2.LCK-G02;LCK2.LCK-G03;LCK2.LCK-G07;LCK2.LCK-G10;LCK2.LCK-H01;LCK2.LCK-H03;LCK2.LCK-H05	31
WT3.WT-A1.clone	NP311	WT3	TRAV6-7/DV9*04	TRAV6-7/DV9*04	0	34	1e-61	12	TRAJ57*01	TRAJ57*01	0	10	3e-30	89	TRBV3*01	TRBV3*01	1	77	1e-139	8	TRBJ2-7*01	TRBJ2-7*01	0	9	3e-19	80	CALSDPSQGGSAKLIF	tgtgctctgagtgatccgagtcaaggagggtctgcgaagctcatcttt	60.60.60.60.60.60.60.60.60.60.60.60.60.60.60.60.60.60.60.60.60.60.60.60.60.60.60.60.60.60.60.60.60.60.60.60.60.60.60.60.60.60.60.60.60.60.60.60	CASSLTGGAREQYF	tgtgccagcagcttaactgggggggcgcgagaacagtacttc	60.60.60.60.60.60.60.60.60.60.60.60.60.60.60.60.60.60.60.60.60.60.60.60.60.60.60.60.60.60.60.60.60.60.60.60.60.60.60.60.60.60	TRAV6-7/DV9*04	TRAV6-7/DV9*04	TRAV6-7/DV9	TRAJ57*01	TRAJ57*01	TRAJ57	TRBV3*01	TRBV3*01	TRBV3	TRBJ2-7*01	TRBJ2-7*01	TRBJ2-7	TRAV6-7/DV9*04:226;TRAV6N-7*01:214;TRAV6D-7*04:214;TRAV6-7/DV9*03:212;TRAV6-7/DV9*02:212	TRAJ57*01:117	TRBV3*01:484;TRBV3*02:476	TRBJ2-7*01:80;TRBJ2-7*02:72	OK	4.42292247138e-10	3.51312254007e-07	0.107375	0.011725	2.11227016242e-11	7.46196753132e-09	6.11180297249e-07	0.0661	0.184706657877	5.80808929606e-11	----DPS---------	+8-4	gatccgag	--------aR----	+4-12	+++++++++++gcga	WT3.WT-A1;WT3.WT-A4;WT3.WT-B08;WT3.WT-E5;WT3.WT-F4;WT3.WT-G07;WT3.WT-H08;WT3.WT-H2	8
WT3.WT-D5.clone	NP311	WT3	TRAV6-7/DV9*04	TRAV6-7/DV9*04	0	40	2e-72	12	TRAJ57*01	TRAJ57*01	0	10	6e-32	95	TRBV3*02	TRBV3*02	0	8	5e-16	0	TRBJ2-7*01	TRBJ2-7*01	0	9	1e-19	80	CALSDPNQGGSAKLIF	tgtgctctgagtgacccgaatcaaggagggtctgcgaagctcatcttt	60.60.60.60.60.60.60.60.60.60.60.60.60.60.60.60.60.60.60.60.60.60.60.60.60.60.60.60.60.60.60.60.60.60.60.60.60.60.60.60.60.60.60.60.60.60.60.60	CASSRTGGAREQYF	tgtgccagcagccggactgggggggcgcgcgaacagtacttc	60.60.60.60.60.60.60.60.60.60.60.60.60.60.60.60.60.60.60.60.60.60.60.60.60.60.60.60.60.60.60.60.60.60.60.60.60.60.60.60.60.60	TRAV6-7/DV9*04	TRAV6-7/DV9*04	TRAV6-7/DV9	TRAJ57*01	TRAJ57*01	TRAJ57	TRBV3*01;TRBV3*02	TRBV3*01;TRBV3*02	TRBV3	TRBJ2-7*01	TRBJ2-7*01	TRBJ2-7	TRAV6-7/DV9*04:262;TRAV6N-7*01:250;TRAV6D-7*04:250;TRAV6-7/DV9*03:248;TRAV6-7/DV9*02:248	TRAJ57*01:123	TRBV3*02:72;TRBV3*01:72;TRBV12-1*02:50;TRBV12-1*01:50;TRBV4*02:48;TRBV4*01:44;TRBV21*01:44;TRBV12-2*02:44;TRBV12-2*01:44;TRBV13-2*05:40;TRBV5*04:38;TRBV5*03:38;TRBV5*02:38;TRBV5*01:38;TRBV2*01:38;TRBV15*01:38;TRBV13-1*02:38;TRBV13-1*01:38;TRBV8*01:36;TRBV5*05:36;TRBV29*01:36;TRBV13-2*04:36;TRBV13-2*03:36;TRBV13-2*02:36;TRBV13-2*01:36;TRBV26*02:34;TRBV26*01:34;TRBV24*04:34;TRBV24*03:34;TRBV24*01:34;TRBV13-3*01:34;TRBV29*02:32;TRBV24*02:26;TRBV19*03:26;TRBV19*02:26;TRBV19*01:26;TRBV14*01:26;TRBV23*01:22	TRBJ2-7*01:80;TRBJ2-7*02:72	OK	2.57788366128e-08	2.04761020676e-05	0.107375	0.011725	8.58445029641e-09	1.31679907512e-09	1.07853812922e-07	0.0661	0.184706657877	8.78483542632e-12	----DP----------	+5-1	gaccc	----r---aR----	+5-12	c+++++++++++++gcgc	WT3.WT-D5	1
WT3.WT-A3.clone	NP311	WT3	TRAV6-7/DV9*04	TRAV6-7/DV9*04	0	34	1e-61	12	TRAJ57*01	TRAJ57*01	0	10	6e-32	95	TRBV3*01	TRBV3*01	0	78	1e-139	8	TRBJ2-7*01	TRBJ2-7*01	0	9	3e-19	80	CALSDPNQGGSAKLIF	tgtgctctgagtgatccgaatcaaggagggtctgcgaagctcatcttt	60.60.60.60.60.60.60.60.60.60.60.60.60.60.60.60.60.60.60.60.60.60.60.60.60.60.60.60.60.60.60.60.60.60.60.60.60.60.60.60.60.60.60.60.60.60.60.60	CASSLTGGAREQYF	tgtgccagcagcttgactgggggggcgcgcgaacagtacttc	60.60.60.60.60.60.60.60.60.60.60.60.60.60.60.60.60.60.60.60.60.60.60.60.60.60.60.60.60.60.60.60.60.60.60.60.60.60.60.60.60.60	TRAV6-7/DV9*04	TRAV6-7/DV9*04	TRAV6-7/DV9	TRAJ57*01	TRAJ57*01	TRAJ57	TRBV3*01	TRBV3*01	TRBV3	TRBJ2-7*01	TRBJ2-7*01	TRBJ2-7	TRAV6-7/DV9*04:226;TRAV6N-7*01:214;TRAV6D-7*04:214;TRAV6-7/DV9*03:212;TRAV6-7/DV9*02:212	TRAJ57*01:123	TRBV3*01:484;TRBV3*02:476	TRBJ2-7*01:80;TRBJ2-7*02:72	OK	2.57788366128e-08	2.04761020676e-05	0.107375	0.011725	8.58445029641e-09	7.46196753132e-09	6.11180297249e-07	0.0661	0.184706657877	6.09225973684e-11	----DP----------	+5-1	gatcc	--------aR----	+4-12	++++++++++++gcgc	WT3.WT-A3;WT3.WT-C5;WT3.WT-E3;WT3.WT-F07;WT3.WT-F10;WT3.WT-H5	6
WT3.WT-E09.clone	NP311	WT3	TRAV6-7/DV9*04	TRAV6-7/DV9*04	0	34	1e-61	12	TRAJ57*01	TRAJ57*01	0	10	2e-31	93	TRBV3*01	TRBV3*01	1	77	1e-138	8	TRBJ2-7*01	TRBJ2-7*01	0	9	8e-20	82	CALSETNQGGSAKLIF	tgtgctctgagtgagaccaatcaaggagggtctgcgaagctcatcttt	60.60.60.60.60.60.60.60.60.60.60.60.60.60.60.60.60.60.60.60.60.60.60.60.60.60.60.60.60.60.60.60.60.60.60.60.60.60.60.60.60.60.60.60.60.60.60.60	CASSPTGGAREQYF	tgtgccagcagccctactgggggggcgcgtgaacagtacttc	60.60.60.60.60.60.60.60.60.60.60.60.60.60.60.60.60.60.60.60.60.60.60.60.60.60.60.60.60.60.60.60.60.60.60.60.60.60.60.60.60.60	TRAV6-7/DV9*04	TRAV6-7/DV9*04	TRAV6-7/DV9	TRAJ57*01	TRAJ57*01	TRAJ57	TRBV3*01	TRBV3*01	TRBV3	TRBJ2-7*01	TRBJ2-7*01	TRBJ2-7	TRAV6-7/DV9*04:226;TRAV6N-7*01:214;TRAV6D-7*04:214;TRAV6-7/DV9*03:212;TRAV6-7/DV9*02:212	TRAJ57*01:121	TRBV3*01:478;TRBV3*02:470	TRBJ2-7*01:82;TRBJ2-7*02:74	OK	2.57788366128e-08	2.04761020676e-05	0.107375	0.011725	1.19601539174e-09	1.70193717268e-10	1.39398953792e-08	0.0661	0.184706657877	2.45682473229e-12	----ET----------	+6-2	gagacc	----P---aR----	+6-14	cct+++++++++++gcg	WT3.WT-E09	1
WT3.WT-G08.clone	NP311	WT3	TRAV6-7/DV9*04	TRAV6-7/DV9*04	0	34	1e-61	14	TRAJ57*01	TRAJ57*01	0	10	6e-32	95	TRBV3*01	TRBV3*01	1	43	2e-78	8	TRBJ2-7*01	TRBJ2-7*01	0	9	2e-19	80	CALSAPNQGGSAKLIF	tgtgctctgagtgccccgaatcaaggagggtctgcgaagctcatcttt	60.60.60.60.60.60.60.60.60.60.60.60.60.60.60.60.60.60.60.60.60.60.60.60.60.60.60.60.60.60.60.60.60.60.60.60.60.60.60.60.60.60.60.60.60.60.60.60	CASSLTGGAREQYF	tgtgccagcagcttgactgggggggcgcgagaacagtacttc	60.60.60.60.60.60.60.60.60.60.60.60.60.60.60.60.60.60.60.60.60.60.60.60.60.60.60.60.60.60.60.60.60.60.60.60.60.60.60.60.60.60	TRAV6-7/DV9*04	TRAV6-7/DV9*04	TRAV6-7/DV9	TRAJ57*01	TRAJ57*01	TRAJ57	TRBV3*01	TRBV3*01	TRBV3	TRBJ2-7*01	TRBJ2-7*01	TRBJ2-7	TRAV6-7/DV9*04:226;TRAV6N-7*01:212;TRAV6D-7*04:212;TRAV6-7/DV9*03:212;TRAV6-7/DV9*02:212	TRAJ57*01:123	TRBV3*01:280;TRBV3*02:272	TRBJ2-7*01:80;TRBJ2-7*02:72	OK	5.15576732256e-08	4.09522041353e-05	0.107375	0.011725	8.58445029641e-09	7.46196753132e-09	6.11180297249e-07	0.0661	0.184706657877	6.09225974546e-11	----AP----------	+5-1	gcccc	--------aR----	+4-12	++++++++++++gcga	WT3.WT-G08	1
WT3.WT-B09.clone	NP311	WT3	TRAV19*03	TRAV19*01	1	80	1e-140	440	TRAJ56*01	TRAJ56*01	0	10	5e-30	95	TRBV2*01	TRBV2*01	1	33	4e-64	196	TRBJ2-7*01	TRBJ2-7*01	0	9	5e-20	82	CAASFTGGNNKLTF	tgcgcagcctcctttactggaggcaataataagctgactttt	60.60.60.60.60.60.60.60.60.60.60.60.60.60.60.60.60.60.60.60.60.60.60.60.60.60.60.60.60.60.60.60.60.60.60.60.60.60.60.60.60.60	CASSQEPGRGEQYF	tgtgccagcagccaagagccagggaggggtgaacagtacttc	60.60.60.60.60.60.60.60.60.60.60.60.60.60.60.60.60.60.60.60.60.60.60.60.60.60.60.60.60.60.60.60.60.60.60.60.60.60.60.60.60.60	TRAV19*03	TRAV19*01	TRAV19	TRAJ56*01	TRAJ56*01	TRAJ56	TRBV2*01	TRBV2*01	TRBV2	TRBJ2-7*01	TRBJ2-7*01	TRBJ2-7	TRAV19*03:488;TRAV19*01:464	TRAJ56*01:117	TRBV2*01:232	TRBJ2-7*01:82;TRBJ2-7*02:74	OK	1.29852266951e-09	1.44109766722e-05	0.00645	0.01397	1.35394265641e-11	1.2783833743e-10	2.33664916062e-08	0.02962	0.184706657877	1.58118603212e-12	--aSF---------	+6-8	ctcctt	-----ep-RG----	+7-13	gc+++++agggg	WT3.WT-B09	1
WT3.WT-E08.clone	NP311	WT3	TRAV6-5*04	TRAV6-5*01	1	60	1e-107	109	TRAJ22*01	TRAJ22*01	0	10	7e-29	85	TRBV1*01	TRBV1*01	4	60	1e-101	22	TRBJ2-7*01	TRBJ2-7*01	0	9	4e-21	86	CALSLASGSWQLIF	tgtgctctgagtctcgcttctggcagctggcaactcatcttt	60.60.60.60.60.60.60.60.60.60.60.60.60.60.60.60.60.60.60.60.60.60.60.60.60.60.60.60.60.60.60.60.60.60.60.60.60.60.60.60.60.60	CTCSAEVGGYEQYF	tgcacctgcagtgcagaggtgggggggtatgaacagtacttc	60.60.60.60.60.60.60.60.60.60.60.60.60.60.60.60.60.60.60.60.60.60.60.60.60.60.60.60.60.60.60.60.60.60.60.60.60.60.60.60.60.60	TRAV6-5*04	TRAV6-5*01	TRAV6-5	TRAJ22*01	TRAJ22*01	TRAJ22	TRBV1*01	TRBV1*01	TRBV1	TRBJ2-7*01	TRBJ2-7*01	TRBJ2-7	TRAV6-5*04:377;TRAV6N-5*01:371;TRAV6D-5*01:371;TRAV6-5*03:353;TRAV6-5*02:353;TRAV6-5*01:353	TRAJ22*01:113	TRBV1*01:357;TRBV1*02:335	TRBJ2-7*01:86;TRBJ2-7*02:78	OK	5.21380113369e-07	0.000103429939908	0.078875	0.06391	7.11715460201e-08	9.49236442038e-08	1.22360871705e-05	0.042	0.184706657877	8.10718996386e-09	----La--------	+4-5	ctcg	-----ev-------	+2-10	gg++++++++	WT3.WT-E08;WT3.WT-F09	2
WT3.WT-B07.clone	NP311	WT3	TRAV6-5*04	TRAV6-5*01	1	60	1e-105	109	TRAJ42*01	TRAJ42*01	0	10	5e-33	29	TRBV1*01	TRBV1*01	4	62	1e-106	20	TRBJ1-1*01	TRBJ1-1*01	0	9	1e-21	64	CALTLNSGGSNAKLTF	tgtgctctgaccttaaattctggaggaagcaatgcaaagctaaccttc	60.60.60.60.60.60.60.60.60.60.60.60.60.60.60.60.60.60.60.60.60.60.60.60.60.60.60.60.60.60.60.60.60.60.60.60.60.60.60.60.60.60.60.60.60.60.60.60	CTCSAVQVTEVFF	tgcacctgcagtgcagtacaggtcacagaagtcttcttt	60.60.60.60.60.60.60.60.60.60.60.60.60.60.60.60.60.60.60.60.60.60.60.60.60.60.60.60.60.60.60.60.60.60.60.60.60.60.60	TRAV6-5*04	TRAV6-5*01	TRAV6-5	TRAJ42*01	TRAJ42*01	TRAJ42	TRBV1*01	TRBV1*01	TRBV1	TRBJ1-1*01	TRBJ1-1*01	TRBJ1-1	TRAV6-5*04:373;TRAV6N-5*01:371;TRAV6D-5*01:371;TRAV6-5*03:353;TRAV6-5*02:349;TRAV6-5*01:349	TRAJ42*01:127;TRAJ42*02:98	TRBV1*01:373;TRBV1*02:353	TRBJ1-1*01:88;TRBJ1-1*02:80	OK	6.8458731593e-08	4.55133479161e-05	0.078875	0.01907	2.75615706482e-09	7.30874139354e-09	1.79468785669e-06	0.042	0.0969626286699	2.47046755724e-09	---TL-----------	+5-4	cctta	-----v-v-----	+2-12	t+++++t	WT3.WT-B07;WT3.WT-H09	2
WT3.WT-A2.clone	NP311	WT3	TRAV6-5*04	TRAV6-5*01	0	61	1e-110	115	TRAJ22*01	TRAJ22*01	0	10	7e-29	85	TRBV1*01	TRBV1*01	1	60	1e-110	22	TRBJ2-7*01	TRBJ2-7*01	0	9	4e-21	86	CALSLASGSWQLIF	tgtgctctgagtctcgcttctggcagctggcaactcatcttt	60.60.60.60.60.60.60.60.60.60.60.60.60.60.60.60.60.60.60.60.60.60.60.60.60.60.60.60.60.60.60.60.60.60.60.60.60.60.60.60.60.60	CTCSAELGGYEQYF	tgcacctgcagtgcagagctgggggggtatgaacagtacttc	60.60.60.60.60.60.60.60.60.60.60.60.60.60.60.60.60.60.60.60.60.60.60.60.60.60.60.60.60.60.60.60.60.60.60.60.60.60.60.60.60.60	TRAV6-5*04	TRAV6-5*01	TRAV6-5	TRAJ22*01	TRAJ22*01	TRAJ22	TRBV1*01	TRBV1*01	TRBV1	TRBJ2-7*01	TRBJ2-7*01	TRBJ2-7	TRAV6-5*04:387;TRAV6N-5*01:381;TRAV6D-5*01:381;TRAV6-5*03:363;TRAV6-5*02:363;TRAV6-5*01:363	TRAJ22*01:113	TRBV1*01:387;TRBV1*02:365	TRBJ2-7*01:86;TRBJ2-7*02:78	OK	5.21380113369e-07	0.000103429939908	0.078875	0.06391	7.11715460201e-08	1.13274952699e-06	0.000146016538565	0.042	0.184706657877	5.84442274078e-08	----La--------	+4-5	ctcg	-----e--------	+1-9	g+++++++++	WT3.WT-A2;WT3.WT-B5;WT3.WT-C1;WT3.WT-C4;WT3.WT-D08;WT3.WT-D09;WT3.WT-D1;WT3.WT-E10;WT3.WT-E2;WT3.WT-H3	10
WT3.WT-E07.clone	NP311	WT3	TRAV7D-3*01	TRAV7-3*01	0	48	3e-86	24	TRAJ9*02	TRAJ9*02	0	10	8e-28	8	TRBV2*01	TRBV2*01	1	36	3e-65	184	TRBJ2-7*01	TRBJ2-7*01	0	9	1e-21	88	CAVRNMGYKLTF	tgtgcagtgagaaacatgggctacaaacttaccttc	60.60.60.60.60.60.60.60.60.60.60.60.60.60.60.60.60.60.60.60.60.60.60.60.60.60.60.60.60.60.60.60.60.60.60.60	CASSQDWTGGYEQYF	tgtgccagcagccaagactggactgggggctatgaacagtacttc	60.60.60.60.60.60.60.60.60.60.60.60.60.60.60.60.60.60.60.60.60.60.60.60.60.60.60.60.60.60.60.60.60.60.60.60.60.60.60.60.60.60.60.60.60	TRAV7D-3*01	TRAV7-3*01	TRAV7-3	TRAJ9*02	TRAJ9*02	TRAJ9	TRBV2*01	TRBV2*01	TRBV2	TRBJ2-7*01	TRBJ2-7*01	TRBJ2-7	TRAV7D-3*01:307;TRAV7-3*04:291;TRAV7-3*02:283;TRAV7D-3*02:281;TRAV7-3*01:276;TRAV7-3*03:268	TRAJ9*02:109;TRAJ9*01:101	TRBV2*01:236	TRBJ2-7*01:88;TRBJ2-7*02:80	OK	3.47352040274e-06	0.00330120367797	0.025745	0.04087	1.33924110024e-06	8.26475344108e-08	1.51064458276e-05	0.02962	0.184706657877	1.49392813973e-08	---r--------	+1-4	a	-----dw--------	+2-7	ct++++++++++	WT3.WT-E07	1
WT3.WT-A06.clone	NP311	WT3	TRAV6-7/DV9*04	TRAV6-7/DV9*04	1	35	3e-62	12	TRAJ57*01	TRAJ57*01	0	10	1e-32	97	TRBV3*01	TRBV3*01	1	77	1e-138	8	TRBJ2-7*01	TRBJ2-7*01	0	9	8e-20	82	CALSELNQGGSAKLIF	tgtgctctgagtgaactgaatcaaggagggtctgcgaagctcatcttt	60.60.60.60.60.60.60.60.60.60.60.60.60.60.60.60.60.60.60.60.60.60.60.60.60.60.60.60.60.60.60.60.60.60.60.60.60.60.60.60.60.60.60.60.60.60.60.60	CASSSTGGAREQYF	tgtgccagcagctcgactgggggggcgcgtgaacagtacttc	60.60.60.60.60.60.60.60.60.60.60.60.60.60.60.60.60.60.60.60.60.60.60.60.60.60.60.60.60.60.60.60.60.60.60.60.60.60.60.60.60.60	TRAV6-7/DV9*04	TRAV6-7/DV9*04	TRAV6-7/DV9	TRAJ57*01	TRAJ57*01	TRAJ57	TRBV3*01	TRBV3*01	TRBV3	TRBJ2-7*01	TRBJ2-7*01	TRBJ2-7	TRAV6-7/DV9*04:228;TRAV6N-7*01:216;TRAV6D-7*04:216;TRAV6-7/DV9*03:214;TRAV6-7/DV9*02:214	TRAJ57*01:125	TRBV3*01:480;TRBV3*02:472	TRBJ2-7*01:82;TRBJ2-7*02:74	OK	3.20120525244e-07	0.000254271387313	0.107375	0.011725	7.26791837241e-08	1.14831709179e-09	9.40541189104e-08	0.0661	0.184706657877	1.12282541551e-10	----El----------	+4-0	gaac	----s---aR----	+4-12	c++++++++++++gcg	WT3.WT-A06;WT3.WT-F5	2
WT3.WT-A08.clone	NP311	WT3	TRAV6-7/DV9*04	TRAV6-7/DV9*04	0	34	1e-61	12	TRAJ57*01	TRAJ57*01	0	10	6e-32	95	TRBV3*01	TRBV3*01	1	77	1e-138	8	TRBJ2-7*01	TRBJ2-7*01	0	9	3e-19	80	CALSEGNQGGSAKLIF	tgtgctctgagtgaggggaatcaaggagggtctgcgaagctcatcttt	60.60.60.60.60.60.60.60.60.60.60.60.60.60.60.60.60.60.60.60.60.60.60.60.60.60.60.60.60.60.60.60.60.60.60.60.60.60.60.60.60.60.60.60.60.60.60.60	CASSKTGGAREQYF	tgtgccagcagcaagactgggggggcgcgcgaacagtacttc	60.60.60.60.60.60.60.60.60.60.60.60.60.60.60.60.60.60.60.60.60.60.60.60.60.60.60.60.60.60.60.60.60.60.60.60.60.60.60.60.60.60	TRAV6-7/DV9*04	TRAV6-7/DV9*04	TRAV6-7/DV9	TRAJ57*01	TRAJ57*01	TRAJ57	TRBV3*01	TRBV3*01	TRBV3	TRBJ2-7*01	TRBJ2-7*01	TRBJ2-7	TRAV6-7/DV9*04:226;TRAV6N-7*01:214;TRAV6D-7*04:214;TRAV6-7/DV9*03:212;TRAV6-7/DV9*02:212	TRAJ57*01:123	TRBV3*01:478;TRBV3*02:470	TRBJ2-7*01:80;TRBJ2-7*02:72	OK	2.57788366128e-08	2.04761020676e-05	0.107375	0.011725	8.58445029641e-09	1.36061936823e-10	1.11442960108e-08	0.0661	0.184706657877	1.81363435237e-12	----EG----------	+5-1	gaggg	----K---aR----	+6-14	aa++++++++++++gcgc	WT3.WT-A08;WT3.WT-D06;WT3.WT-F1;WT3.WT-F3;WT3.WT-G09	5
WT3.WT-C07.clone	NP311	WT3	TRAV6-5*04	TRAV6-5*01	1	58	1e-102	97	TRAJ42*01	TRAJ42*01	0	10	4e-33	29	TRBV3*01	TRBV3*01	1	78	1e-140	8	TRBJ2-7*01	TRBJ2-7*01	0	9	3e-19	80	CALTLNSGGSNAKLTF	tgtgctctgaccttaaattctggaggaagcaatgcaaagctaaccttc	60.60.60.60.60.60.60.60.60.60.60.60.60.60.60.60.60.60.60.60.60.60.60.60.60.60.60.60.60.60.60.60.60.60.60.60.60.60.60.60.60.60.60.60.60.60.60.60	CASSLTGGAREQYF	tgtgccagcagcttaactgggggggcgcgagaacagtacttc	60.60.60.60.60.60.60.60.60.60.60.60.60.60.60.60.60.60.60.60.60.60.60.60.60.60.60.60.60.60.60.60.60.60.60.60.60.60.60.60.60.60	TRAV6-5*04	TRAV6-5*01	TRAV6-5	TRAJ42*01	TRAJ42*01	TRAJ42	TRBV3*01	TRBV3*01	TRBV3	TRBJ2-7*01	TRBJ2-7*01	TRBJ2-7	TRAV6-5*04:361;TRAV6N-5*01:359;TRAV6D-5*01:359;TRAV6-5*03:341;TRAV6-5*02:337;TRAV6-5*01:337	TRAJ42*01:127;TRAJ42*02:98	TRBV3*01:486;TRBV3*02:478	TRBJ2-7*01:80;TRBJ2-7*02:72	OK	6.8458731593e-08	4.55133479161e-05	0.078875	0.01907	2.75615706482e-09	7.46196753132e-09	6.11180297249e-07	0.0661	0.184706657877	5.80808929606e-11	---TL-----------	+5-4	cctta	--------aR----	+4-12	+++++++++++gcga	WT3.WT-C07	1
WT3.WT-B3.clone	NP311	WT3	TRAV6-7/DV9*04	TRAV6-7/DV9*04	0	34	1e-61	12	TRAJ57*01	TRAJ57*01	0	10	6e-32	95	TRBV3*01	TRBV3*01	1	77	1e-139	8	TRBJ2-7*01	TRBJ2-7*01	0	9	2e-23	94	CALSDANQGGSAKLIF	tgtgctctgagtgatgcgaatcaaggagggtctgcgaagctcatcttt	60.60.60.60.60.60.60.60.60.60.60.60.60.60.60.60.60.60.60.60.60.60.60.60.60.60.60.60.60.60.60.60.60.60.60.60.60.60.60.60.60.60.60.60.60.60.60.60	CASSLTLSYEQYF	tgtgccagcagcttaaccctctcctatgaacagtacttc	60.60.60.60.60.60.60.60.60.60.60.60.60.60.60.60.60.60.60.60.60.60.60.60.60.60.60.60.60.60.60.60.60.60.60.60.60.60.60	TRAV6-7/DV9*04	TRAV6-7/DV9*04	TRAV6-7/DV9	TRAJ57*01	TRAJ57*01	TRAJ57	TRBV3*01	TRBV3*01	TRBV3	TRBJ2-7*01	TRBJ2-7*01	TRBJ2-7	TRAV6-7/DV9*04:226;TRAV6N-7*01:214;TRAV6D-7*04:214;TRAV6-7/DV9*03:212;TRAV6-7/DV9*02:212	TRAJ57*01:123	TRBV3*01:484;TRBV3*02:476	TRBJ2-7*01:94;TRBJ2-7*02:86	OK	2.57788366128e-08	2.04761020676e-05	0.107375	0.011725	8.58445029641e-09	2.01136036373e-07	1.64742585628e-05	0.0661	0.184706657877	9.92574080889e-09	----DA----------	+5-1	gatgc	-----tL------	+3-12	++cct	WT3.WT-B3	1
WT3.WT-E06.clone	NP311	WT3	TRAV6-7/DV9*04	TRAV6-7/DV9*04	0	34	1e-61	12	TRAJ57*01	TRAJ57*01	0	10	1e-29	87	TRBV3*01	TRBV3*01	1	78	1e-140	8	TRBJ2-7*01	TRBJ2-7*01	0	9	3e-19	80	CALSDPSQGGSAKLIF	tgtgctctgagtgacccctcacaaggagggtctgcgaagctcatcttt	60.60.60.60.60.60.60.60.60.60.60.60.60.60.60.60.60.60.60.60.60.60.60.60.60.60.60.60.60.60.60.60.60.60.60.60.60.60.60.60.60.60.60.60.60.60.60.60	CASSLTGGAREQYF	tgtgccagcagcttaactgggggggcgagggaacagtacttc	60.60.60.60.60.60.60.60.60.60.60.60.60.60.60.60.60.60.60.60.60.60.60.60.60.60.60.60.60.60.60.60.60.60.60.60.60.60.60.60.60.60	TRAV6-7/DV9*04	TRAV6-7/DV9*04	TRAV6-7/DV9	TRAJ57*01	TRAJ57*01	TRAJ57	TRBV3*01	TRBV3*01	TRBV3	TRBJ2-7*01	TRBJ2-7*01	TRBJ2-7	TRAV6-7/DV9*04:226;TRAV6N-7*01:214;TRAV6D-7*04:214;TRAV6-7/DV9*03:212;TRAV6-7/DV9*02:212	TRAJ57*01:115	TRBV3*01:486;TRBV3*02:478	TRBJ2-7*01:80;TRBJ2-7*02:72	OK	4.42292247138e-10	3.51312254007e-07	0.107375	0.011725	2.57130426126e-12	7.46196753132e-09	6.11180297249e-07	0.0661	0.184706657877	5.80809010162e-11	----DPS---------	+9-5	gacccctca	--------aR----	+4-12	+++++++++++gagg	WT3.WT-E06	1
WT3.WT-A07.clone	NP311	WT3	TRAV6-7/DV9*04	TRAV6-7/DV9*04	0	34	1e-61	12	TRAJ57*01	TRAJ57*01	0	10	1e-32	97	TRBV3*01	TRBV3*01	0	78	1e-142	8	TRBJ2-7*01	TRBJ2-7*01	0	9	3e-19	80	CALSDVNQGGSAKLIF	tgtgctctgagtgatgtgaatcaaggagggtctgcgaagctcatcttt	60.60.60.60.60.60.60.60.60.60.60.60.60.60.60.60.60.60.60.60.60.60.60.60.60.60.60.60.60.60.60.60.60.60.60.60.60.60.60.60.60.60.60.60.60.60.60.60	CASSLTGGAREQYF	tgtgccagcagcttaactgggggggcgcgagaacagtacttc	60.60.60.60.60.60.60.60.60.60.60.60.60.60.60.60.60.60.60.60.60.60.60.60.60.60.60.60.60.60.60.60.60.60.60.60.60.60.60.60.60.60	TRAV6-7/DV9*04	TRAV6-7/DV9*04	TRAV6-7/DV9	TRAJ57*01	TRAJ57*01	TRAJ57	TRBV3*01	TRBV3*01	TRBV3	TRBJ2-7*01	TRBJ2-7*01	TRBJ2-7	TRAV6-7/DV9*04:226;TRAV6N-7*01:214;TRAV6D-7*04:214;TRAV6-7/DV9*03:212;TRAV6-7/DV9*02:212	TRAJ57*01:125	TRBV3*01:494;TRBV3*02:486	TRBJ2-7*01:80;TRBJ2-7*02:72	OK	1.62476916602e-07	0.000129055239301	0.107375	0.011725	7.26791837241e-08	7.46196753132e-09	6.11180297249e-07	0.0661	0.184706657877	5.80808929606e-11	----Dv----------	+4-0	gatg	--------aR----	+4-12	+++++++++++gcga	WT3.WT-A07;WT3.WT-B2;WT3.WT-C10;WT3.WT-D07;WT3.WT-F2	5
WT3.WT-C06.clone	NP311	WT3	TRAV6-7/DV9*04	TRAV6-7/DV9*04	0	34	1e-61	14	TRAJ57*01	TRAJ57*01	0	10	6e-32	95	TRBV3*01	TRBV3*01	1	78	1e-138	8	TRBJ2-7*01	TRBJ2-7*01	0	9	3e-19	80	CALSASNQGGSAKLIF	tgtgctctgagtgcttcgaatcaaggagggtctgcgaagctcatcttt	60.60.60.60.60.60.60.60.60.60.60.60.60.60.60.60.60.60.60.60.60.60.60.60.60.60.60.60.60.60.60.60.60.60.60.60.60.60.60.60.60.60.60.60.60.60.60.60	CASSLTGGAREQYF	tgtgccagcagcctgactgggggggcgcgggaacagtacttc	60.60.60.60.60.60.60.60.60.60.60.60.60.60.60.60.60.60.60.60.60.60.60.60.60.60.60.60.60.60.60.60.60.60.60.60.60.60.60.60.60.60	TRAV6-7/DV9*04	TRAV6-7/DV9*04	TRAV6-7/DV9	TRAJ57*01	TRAJ57*01	TRAJ57	TRBV3*01	TRBV3*01	TRBV3	TRBJ2-7*01	TRBJ2-7*01	TRBJ2-7	TRAV6-7/DV9*04:226;TRAV6N-7*01:212;TRAV6D-7*04:212;TRAV6-7/DV9*03:212;TRAV6-7/DV9*02:212	TRAJ57*01:123	TRBV3*01:480;TRBV3*02:472	TRBJ2-7*01:80;TRBJ2-7*02:72	OK	6.16129572063e-08	4.89391053365e-05	0.107375	0.011725	8.58445029641e-09	7.46196753132e-09	6.11180297249e-07	0.0661	0.184706657877	1.81363435318e-12	----AS----------	+5-1	gcttc	----L---aR----	+6-14	ct++++++++++++gcgg	WT3.WT-C06;WT3.WT-G4	2
WT3.WT-H06.clone	NP311	WT3	TRAV6-5*04	TRAV6-5*01	0	61	1e-110	115	TRAJ22*01	TRAJ22*01	0	10	7e-29	85	TRBV1*01	TRBV1*01	8	60	3e-87	20	TRBJ2-7*01	TRBJ2-7*01	0	9	1e-18	78	CALSLASGSWQLIF	tgtgctctgagtctcgcttctggcagctggcaactcatcttt	60.60.60.60.60.60.60.60.60.60.60.60.60.60.60.60.60.60.60.60.60.60.60.60.60.60.60.60.60.60.60.60.60.60.60.60.60.60.60.60.60.60	CTCRAEGGGYEQYF	tgcacttgcagggcagaggggggggggtatgaacagtacttc	60.60.60.60.60.60.60.60.60.60.60.60.60.60.60.60.60.60.60.60.60.60.60.60.60.60.60.60.60.60.60.60.60.60.60.60.60.60.60.60.60.60	TRAV6-5*04	TRAV6-5*01	TRAV6-5	TRAJ22*01	TRAJ22*01	TRAJ22	TRBV1*01	TRBV1*01	TRBV1	TRBJ2-7*01	TRBJ2-7*01	TRBJ2-7	TRAV6-5*04:387;TRAV6N-5*01:381;TRAV6D-5*01:381;TRAV6-5*03:363;TRAV6-5*02:363;TRAV6-5*01:363	TRAJ22*01:113	TRBV1*01:309;TRBV1*02:289	TRBJ2-7*01:78;TRBJ2-7*02:70	OK	5.21380113369e-07	0.000103429939908	0.078875	0.06391	7.11715460201e-08	1.71131739353e-07	2.20596553991e-05	0.042	0.184706657877	5.95090342485e-09	----La--------	+4-5	ctcg	--------G-----	+3-11	+++++++ggg	WT3.WT-H06	1
WT3.WT-A10.clone	NP311	WT3	TRAV6-5*04	TRAV6-5*01	1	61	1e-105	103	TRAJ42*01	TRAJ42*01	0	10	5e-33	29	TRBV1*01	TRBV1*01	0	60	1e-110	18	TRBJ2-4*01	TRBJ2-4*01	0	9	1e-24	98	CALSLNSGGSNAKLTF	tgtgctctgagtcttaattctggaggaagcaatgcaaagctaaccttc	60.60.60.60.60.60.60.60.60.60.60.60.60.60.60.60.60.60.60.60.60.60.60.60.60.60.60.60.60.60.60.60.60.60.60.60.60.60.60.60.60.60.60.60.60.60.60.60	CTCSAQSQNTLYF	tgcacctgcagtgcacagagtcaaaacaccttgtacttt	60.60.60.60.60.60.60.60.60.60.60.60.60.60.60.60.60.60.60.60.60.60.60.60.60.60.60.60.60.60.60.60.60.60.60.60.60.60.60	TRAV6-5*04	TRAV6-5*01	TRAV6-5	TRAJ42*01	TRAJ42*01	TRAJ42	TRBV1*01	TRBV1*01	TRBV1	TRBJ2-4*01	TRBJ2-4*01	TRBJ2-4	TRAV6-5*04:371;TRAV6N-5*01:365;TRAV6D-5*01:365;TRAV6-5*03:347;TRAV6-5*02:347;TRAV6-5*01:347	TRAJ42*01:127;TRAJ42*02:98	TRBV1*01:387;TRBV1*02:369	TRBJ2-4*01:98	OK	1.06948603667e-06	0.000711025298681	0.078875	0.01907	1.49160322088e-07	1.05364390362e-06	0.000273395217877	0.042	0.0917600527357	6.58169560298e-07	----L-----------	+3-2	ctt	-------------	+0-11	+++	WT3.WT-A10;WT3.WT-B4;WT3.WT-D4;WT3.WT-E1;WT3.WT-G2;WT3.WT-H10;WT3.WT-H4	7
LCK3.LCK-E09.clone	NP311_LCK	LCK3	TRAV6-7/DV9*01	TRAV6-7/DV9*01	1	35	2e-63	6	TRAJ37*01	TRAJ37*01	0	10	9e-28	81	TRBV1*01	TRBV1*01	0	60	1e-109	16	TRBJ2-4*01	TRBJ2-4*01	0	9	4e-24	96	CALGENGNTGKLIF	tgtgctctgggtgaaaacggcaataccggaaaactcatcttt	60.60.60.60.60.60.60.60.60.60.60.60.60.60.60.60.60.60.60.60.60.60.60.60.60.60.60.60.60.60.60.60.60.60.60.60.60.60.60.60.60.60	CTCSGQGTGQNTLYF	tgcacctgcagtggacaggggacgggtcaaaacaccttgtacttt	60.60.60.60.60.60.60.60.60.60.60.60.60.60.60.60.60.60.60.60.60.60.60.60.60.60.60.60.60.60.60.60.60.60.60.60.60.60.60.60.60.60.60.60.60	TRAV6-7/DV9*01	TRAV6-7/DV9*01	TRAV6-7/DV9	TRAJ37*01	TRAJ37*01	TRAJ37	TRBV1*01	TRBV1*01	TRBV1	TRBJ2-4*01	TRBJ2-4*01	TRBJ2-4	TRAV6-7/DV9*01:232;TRAV6D-6*02:226;TRAV6-6*01:226;TRAV6-7/DV9*08:224;TRAV6-7/DV9*06:220;TRAV6D-6*01:218;TRAV6D-7*01:216;TRAV6-5*02:208;TRAV6-5*01:208;TRAV6D-7*02:206;TRAV6-6*03:206;TRAV6-7/DV9*07:204;TRAV6N-6*01:202;TRAV6D-6*05:202;TRAV6D-6*04:200;TRAV6-6*02:198;TRAV6-5*03:196;TRAV6N-5*01:192;TRAV6D-7*03:192;TRAV6D-6*03:192;TRAV6D-5*01:192;TRAV6-5*04:184	TRAJ37*01:109	TRBV1*01:383;TRBV1*02:367	TRBJ2-4*01:96	OK	5.66002717594e-07	0.000123045540239	0.107375	0.04284	1.40778631207e-07	1.84556600965e-09	4.78879932374e-07	0.042	0.0917600527357	1.37643037579e-10	----eN--------	+4-5	aaac	-------Tg------	+4-9	++++++++acgg	LCK3.LCK-E09	1
LCK3.LCK-H10.clone	NP311_LCK	LCK3	TRAV6D-6*02	TRAV6D-6*01	1	39	3e-65	0	TRAJ34*02	TRAJ34*02	0	10	1e-29	31	TRBV1*01	TRBV1*01	12	62	1e-77	20	TRBJ2-1*01	TRBJ2-1*01	0	9	4e-18	52	CALPSSNTNKVVF	tgtgctcttccatcttccaataccaacaaagtcgtcttt	60.60.60.60.60.60.60.60.60.60.60.60.60.60.60.60.60.60.60.60.60.60.60.60.60.60.60.60.60.60.60.60.60.60.60.60.60.60.60	CTCSAVGGCYGEQFF	tgcacctgcagtgcagttggggggtgttatggtgagcagttcttc	60.60.60.60.60.60.60.60.60.60.60.60.60.60.60.60.60.60.60.60.60.60.60.60.60.60.60.60.60.60.60.60.60.60.60.60.60.60.60.60.60.60.60.60.60	TRAV6-6*01;TRAV6D-6*01;TRAV6D-6*02	TRAV6-6*01;TRAV6D-6*01	TRAV6-6;TRAV6D-6	TRAJ34*02	TRAJ34*02	TRAJ34	TRBV1*01	TRBV1*01	TRBV1	TRBJ2-1*01	TRBJ2-1*01	TRBJ2-1	TRAV6D-6*02:238;TRAV6D-6*01:238;TRAV6-6*01:238;TRAV6N-6*01:222;TRAV6D-6*05:222;TRAV6D-6*04:222;TRAV6-7/DV9*01:222;TRAV6-6*03:222;TRAV6D-7*01:214;TRAV6D-6*03:214;TRAV6-7/DV9*08:214;TRAV6-7/DV9*06:214;TRAV6-6*02:214;TRAV6D-7*02:206;TRAV6-5*02:206;TRAV6-5*01:206;TRAV6-7/DV9*07:198;TRAV6-5*03:198;TRAV6D-7*03:194	TRAJ34*02:115;TRAJ34*01:84	TRBV1*01:278;TRBV1*02:258	TRBJ2-1*01:76	OK	7.77390694944e-07	0.000255177937927	0.101515	0.03001	1.77470913406e-08	1.51371739377e-08	2.91894208688e-06	0.042	0.123472440546	1.70889898787e-10	--lP---------	+4-6	tcca	-----v--C------	+4-12	t+++++++tgt	LCK3.LCK-H10	1
LCK3.LCK-F01.clone	NP311_LCK	LCK3	TRAV8N-2*01	TRAV8-2*01	0	43	9e-78	96	TRAJ4*01	TRAJ4*01	4	10	4e-24	62	TRBV2*01	TRBV2*01	1	36	3e-65	200	TRBJ2-3*01	TRBJ2-3*01	0	9	9e-25	74	CATDAGSFNKLTF	tgtgctactgatgctggtagcttcaataagttgaccttt	60.60.60.60.60.60.60.60.60.60.60.60.60.60.60.60.60.60.60.60.60.60.60.60.60.60.60.60.60.60.60.60.60.60.60.60.60.60.60	CASSPNSAETLYF	tgtgccagcagcccgaacagtgcagaaacgctgtatttt	60.60.60.60.60.60.60.60.60.60.60.60.60.60.60.60.60.60.60.60.60.60.60.60.60.60.60.60.60.60.60.60.60.60.60.60.60.60.60	TRAV8D-2*01;TRAV8N-2*01	TRAV8-2*01	TRAV8-2	TRAJ4*01	TRAJ4*01	TRAJ4	TRBV2*01	TRBV2*01	TRBV2	TRBJ2-3*01	TRBJ2-3*01	TRBJ2-3	TRAV8N-2*01:280;TRAV8D-2*01:280;TRAV8D-2*02:270	TRAJ4*01:98	TRBV2*01:236	TRBJ2-3*01:98	OK	1.8486129062e-06	0.00376251446846	0.02567	0.01914	1.57406858827e-06	2.40033458039e-08	7.39128243351e-06	0.02962	0.109639470615	4.05965927832e-09	-------------	+0-6	-	----pN-------	+3-14	c++ac	LCK3.LCK-F01	1
LCK3.LCK-B06.clone	NP311_LCK	LCK3	TRAV6-7/DV9*04	TRAV6-7/DV9*04	0	34	1e-61	12	TRAJ57*01	TRAJ57*01	0	10	2e-31	93	TRBV3*01	TRBV3*01	1	77	1e-138	8	TRBJ2-7*01	TRBJ2-7*01	0	9	3e-19	80	CALSDPNQGGSAKLIF	tgtgctctgagtgatcccaatcaaggagggtctgcgaagctcatcttt	60.60.60.60.60.60.60.60.60.60.60.60.60.60.60.60.60.60.60.60.60.60.60.60.60.60.60.60.60.60.60.60.60.60.60.60.60.60.60.60.60.60.60.60.60.60.60.60	CASSVTGGAREQYF	tgtgccagcagcgtcactgggggggcgcgcgaacagtacttc	60.60.60.60.60.60.60.60.60.60.60.60.60.60.60.60.60.60.60.60.60.60.60.60.60.60.60.60.60.60.60.60.60.60.60.60.60.60.60.60.60.60	TRAV6-7/DV9*04	TRAV6-7/DV9*04	TRAV6-7/DV9	TRAJ57*01	TRAJ57*01	TRAJ57	TRBV3*01	TRBV3*01	TRBV3	TRBJ2-7*01	TRBJ2-7*01	TRBJ2-7	TRAV6-7/DV9*04:226;TRAV6N-7*01:214;TRAV6D-7*04:214;TRAV6-7/DV9*03:212;TRAV6-7/DV9*02:212	TRAJ57*01:121	TRBV3*01:478;TRBV3*02:470	TRBJ2-7*01:80;TRBJ2-7*02:72	OK	2.57788366128e-08	2.04761020676e-05	0.107375	0.011725	1.19601539174e-09	1.70193710705e-10	1.39398948416e-08	0.0661	0.184706657877	2.58750258121e-13	----DP----------	+6-2	gatccc	----V---aR----	+7-15	gtc+++++++++++gcgc	LCK3.LCK-B06	1
LCK3.LCK-A03.clone	NP311_LCK	LCK3	TRAV6D-6*02	TRAV6D-6*01	2	39	8e-69	0	TRAJ37*01	TRAJ37*01	0	10	9e-28	81	TRBV1*01	TRBV1*01	2	62	1e-107	16	TRBJ2-4*01	TRBJ2-4*01	0	9	5e-24	96	CALGENGNTGKLIF	tgtgctctgggtgaaaacggcaataccggaaaactcatcttt	60.60.60.60.60.60.60.60.60.60.60.60.60.60.60.60.60.60.60.60.60.60.60.60.60.60.60.60.60.60.60.60.60.60.60.60.60.60.60.60.60.60	CTCSGQGTGQNTLYF	tgcacctgcagtggacaggggacgggtcaaaacaccttgtacttt	60.60.60.60.60.60.60.60.60.60.60.60.60.60.60.60.60.60.60.60.60.60.60.60.60.60.60.60.60.60.60.60.60.60.60.60.60.60.60.60.60.60.60.60.60	TRAV6-6*01;TRAV6D-6*02	TRAV6-6*01;TRAV6D-6*01	TRAV6-6;TRAV6D-6	TRAJ37*01	TRAJ37*01	TRAJ37	TRBV1*01	TRBV1*01	TRBV1	TRBJ2-4*01	TRBJ2-4*01	TRBJ2-4	TRAV6D-6*02:250;TRAV6-6*01:250;TRAV6D-6*01:242;TRAV6-6*03:230;TRAV6N-6*01:226;TRAV6D-6*05:226;TRAV6D-6*04:224;TRAV6-7/DV9*01:224;TRAV6-6*02:222;TRAV6D-6*03:216;TRAV6-7/DV9*08:216;TRAV6-5*02:214;TRAV6-5*01:214;TRAV6-7/DV9*06:212;TRAV6D-7*01:208;TRAV6-5*03:202	TRAJ37*01:109	TRBV1*01:375;TRBV1*02:359	TRBJ2-4*01:96	OK	5.35113069863e-07	0.000123045540239	0.101515	0.04284	1.33095625117e-07	1.84556600965e-09	4.78879932374e-07	0.042	0.0917600527357	1.37643037579e-10	----eN--------	+4-5	aaac	-------Tg------	+4-9	++++++++acgg	LCK3.LCK-A03;LCK3.LCK-A05;LCK3.LCK-A08;LCK3.LCK-B01;LCK3.LCK-B02;LCK3.LCK-B04;LCK3.LCK-B08;LCK3.LCK-B10;LCK3.LCK-C03;LCK3.LCK-C08;LCK3.LCK-C10;LCK3.LCK-D04;LCK3.LCK-D05;LCK3.LCK-D08;LCK3.LCK-D09;LCK3.LCK-E01;LCK3.LCK-E08;LCK3.LCK-E10;LCK3.LCK-F05;LCK3.LCK-F06;LCK3.LCK-G01;LCK3.LCK-G04;LCK3.LCK-G06;LCK3.LCK-H01;LCK3.LCK-H03;LCK3.LCK-H04;LCK3.LCK-H06;LCK3.LCK-H08;LCK3.LCK-H09	29
LCK3.LCK-A02.clone	NP311_LCK	LCK3	TRAV6-5*04	TRAV6-5*01	0	61	1e-109	115	TRAJ40*01	TRAJ40*01	0	10	3e-31	85	TRBV3*01	TRBV3*01	1	79	1e-143	8	TRBJ2-7*01	TRBJ2-7*01	0	9	5e-21	86	CALSPVNTGNYKYVF	tgtgctctgagcccagttaatacaggaaactacaaatacgtcttt	60.60.60.60.60.60.60.60.60.60.60.60.60.60.60.60.60.60.60.60.60.60.60.60.60.60.60.60.60.60.60.60.60.60.60.60.60.60.60.60.60.60.60.60.60	CASSLQYEQYF	tgtgccagcagcttacagtatgaacagtacttc	60.60.60.60.60.60.60.60.60.60.60.60.60.60.60.60.60.60.60.60.60.60.60.60.60.60.60.60.60.60.60.60.60	TRAV6-5*04	TRAV6-5*01	TRAV6-5	TRAJ40*01	TRAJ40*01	TRAJ40	TRBV3*01	TRBV3*01	TRBV3	TRBJ2-7*01	TRBJ2-7*01	TRBJ2-7	TRAV6-5*04:385;TRAV6N-5*01:381;TRAV6D-5*01:381;TRAV6-5*03:363;TRAV6-5*02:361;TRAV6-5*01:361	TRAJ40*01:121	TRBV3*01:496;TRBV3*02:488	TRBJ2-7*01:86;TRBJ2-7*02:78	OK	1.34332805847e-06	0.000476128056551	0.078875	0.03577	5.21535950423e-08	1.23504843293e-06	0.000101157940609	0.0661	0.184706657877	9.38139671935e-07	---sP----------	+4-3	ccca	-----------	+0-15	+++	LCK3.LCK-A02;LCK3.LCK-A07;LCK3.LCK-B07;LCK3.LCK-D01;LCK3.LCK-D02;LCK3.LCK-D06;LCK3.LCK-D07;LCK3.LCK-E03;LCK3.LCK-E04;LCK3.LCK-E05;LCK3.LCK-E07;LCK3.LCK-F02;LCK3.LCK-F03;LCK3.LCK-F04;LCK3.LCK-G08;LCK3.LCK-H02	16
LCK3.LCK-G02.clone	NP311_LCK	LCK3	TRAV7-6*02	TRAV7-6*02	1	87	1e-152	67	TRAJ40*01	TRAJ40*01	0	10	4e-28	75	TRBV1*01	TRBV1*01	2	40	1e-70	16	TRBJ2-4*01	TRBJ2-4*01	0	9	3e-24	96	CAVSMSTGNYKYVF	tgtgcagtgagcatgagtacaggaaactacaaatacgtcttt	60.60.60.60.60.60.60.60.60.60.60.60.60.60.60.60.60.60.60.60.60.60.60.60.60.60.60.60.60.60.60.60.60.60.60.60.60.60.60.60.60.60	CTCSGQGTGQNTLYF	tgcacctgcagtggacaggggacgggtcaaaacaccttgtacttt	60.60.60.60.60.60.60.60.60.60.60.60.60.60.60.60.60.60.60.60.60.60.60.60.60.60.60.60.60.60.60.60.60.60.60.60.60.60.60.60.60.60.60.60.60	TRAV7-6*02	TRAV7-6*02	TRAV7-6	TRAJ40*01	TRAJ40*01	TRAJ40	TRBV1*01	TRBV1*01	TRBV1	TRBJ2-4*01	TRBJ2-4*01	TRBJ2-4	TRAV7-6*02:529	TRAJ40*01:111	TRBV1*01:254;TRBV1*02:238	TRBJ2-4*01:96	OK	9.0772901609e-10	1.44063721852e-06	0.017615	0.03577	1.87854742661e-10	1.84556600965e-09	4.78879932374e-07	0.042	0.0917600527357	1.37643037579e-10	---sMS--------	+6-6	catgag	-------Tg------	+4-9	++++++++acgg	LCK3.LCK-G02	1
LCK3.LCK-H07.clone	NP311_LCK	LCK3	TRAV6-7/DV9*04	TRAV6-7/DV9*04	0	34	1e-61	14	TRAJ57*01	TRAJ57*01	0	10	2e-31	93	TRBV3*01	TRBV3*01	1	78	1e-138	8	TRBJ2-7*01	TRBJ2-7*01	0	9	8e-20	82	CALSTPNQGGSAKLIF	tgtgctctgagtacccccaatcaaggagggtctgcgaagctcatcttt	60.60.60.60.60.60.60.60.60.60.60.60.60.60.60.60.60.60.60.60.60.60.60.60.60.60.60.60.60.60.60.60.60.60.60.60.60.60.60.60.60.60.60.60.60.60.60.60	CASSQTGGAREQYF	tgtgccagcagccaaactgggggggcgcgtgaacagtacttc	60.60.60.60.60.60.60.60.60.60.60.60.60.60.60.60.60.60.60.60.60.60.60.60.60.60.60.60.60.60.60.60.60.60.60.60.60.60.60.60.60.60	TRAV6-7/DV9*04	TRAV6-7/DV9*04	TRAV6-7/DV9	TRAJ57*01	TRAJ57*01	TRAJ57	TRBV3*01	TRBV3*01	TRBV3	TRBJ2-7*01	TRBJ2-7*01	TRBJ2-7	TRAV6-7/DV9*04:226;TRAV6N-7*01:212;TRAV6D-7*04:212;TRAV6-7/DV9*03:212;TRAV6-7/DV9*02:212	TRAJ57*01:121	TRBV3*01:480;TRBV3*02:472	TRBJ2-7*01:82;TRBJ2-7*02:74	OK	5.15576732256e-08	4.09522041353e-05	0.107375	0.011725	1.19601539174e-09	1.36061970083e-10	1.1144298735e-08	0.0661	0.184706657877	2.45682472728e-12	----TP----------	+6-2	accccc	----Q---aR----	+6-14	caa+++++++++++gcg	LCK3.LCK-H07	1
LCK3.LCK-E02.clone	NP311_LCK	LCK3	TRAV7-6*02	TRAV7-6*02	1	87	1e-152	67	TRAJ40*01	TRAJ40*01	0	10	4e-28	75	TRBV2*01	TRBV2*01	1	32	6e-60	182	TRBJ1-5*01	TRBJ1-5*01	0	9	3e-24	16	CAVSMSTGNYKYVF	tgtgcagtgagcatgagtacaggaaactacaaatacgtcttt	60.60.60.60.60.60.60.60.60.60.60.60.60.60.60.60.60.60.60.60.60.60.60.60.60.60.60.60.60.60.60.60.60.60.60.60.60.60.60.60.60.60	CASSQHNQAPLF	tgtgccagcagccaacacaaccaggctccgcttttt	60.60.60.60.60.60.60.60.60.60.60.60.60.60.60.60.60.60.60.60.60.60.60.60.60.60.60.60.60.60.60.60.60.60.60.60	TRAV7-6*02	TRAV7-6*02	TRAV7-6	TRAJ40*01	TRAJ40*01	TRAJ40	TRBV2*01	TRBV2*01	TRBV2	TRBJ1-5*01	TRBJ1-5*01	TRBJ1-5	TRAV7-6*02:529	TRAJ40*01:111	TRBV2*01:218	TRBJ1-5*01:96;TRBJ1-5*03:80;TRBJ1-5*02:80	OK	9.0772901609e-10	1.44063721852e-06	0.017615	0.03577	1.87854742661e-10	6.72784398868e-08	0.000170060722711	0.02962	0.0133563206734	4.84311118384e-08	---sMS--------	+6-6	catgag	------------	+0-15	+	LCK3.LCK-E02	1
LCK3.LCK-A06.clone	NP311_LCK	LCK3	TRAV14N-2*01	TRAV14-2*01	1	89	1e-157	71	TRAJ22*01	TRAJ22*01	0	10	1e-30	91	TRBV2*01	TRBV2*01	1	36	7e-66	202	TRBJ1-1*01	TRBJ1-1*01	0	9	2e-22	66	CAATSSSGSWQLIF	tgtgcagcaacctcatcttctggcagctggcaactcatcttt	60.60.60.60.60.60.60.60.60.60.60.60.60.60.60.60.60.60.60.60.60.60.60.60.60.60.60.60.60.60.60.60.60.60.60.60.60.60.60.60.60.60	CASSRTGDTEVFF	tgtgccagcagccgaacaggggacacagaagtcttcttt	60.60.60.60.60.60.60.60.60.60.60.60.60.60.60.60.60.60.60.60.60.60.60.60.60.60.60.60.60.60.60.60.60.60.60.60.60.60.60	TRAV14-2*01;TRAV14D-2*03;TRAV14N-2*01	TRAV14-2*01	TRAV14-2	TRAJ22*01	TRAJ22*01	TRAJ22	TRBV2*01	TRBV2*01	TRBV2	TRBJ1-1*01	TRBJ1-1*01	TRBJ1-1	TRAV14N-2*01:545;TRAV14D-2*03:545;TRAV14-2*01:545;TRAV14-2*03:513	TRAJ22*01:119	TRBV2*01:238	TRBJ1-1*01:90;TRBJ1-1*02:82	OK	1.50332946716e-06	0.000438486374924	0.053645	0.06391	3.28639428944e-07	2.98305441238e-07	0.000103865601433	0.02962	0.0969626286699	5.37212469761e-09	---Ts---------	+3-3	cct	----R--------	+2-12	ga+++++++	LCK3.LCK-A06	1
WT2.WT-C07.clone	NP311	WT2	TRAV6-5*04	TRAV6-5*01	0	61	1e-111	115	TRAJ27*01	TRAJ27*01	0	10	2e-26	79	TRBV1*01	TRBV1*01	0	60	1e-110	16	TRBJ2-7*01	TRBJ2-7*01	0	9	2e-20	84	CALSDRGNTGKLTF	tgtgctctgagtgataggggcaatacaggcaaattaaccttt	60.60.60.60.60.60.60.60.60.60.60.60.60.60.60.60.60.60.60.60.60.60.60.60.60.60.60.60.60.60.60.60.60.60.60.60.60.60.60.60.60.60	CTCSAWDRGDEQYF	tgcacctgcagtgcctgggacaggggagatgaacagtacttc	60.60.60.60.60.60.60.60.60.60.60.60.60.60.60.60.60.60.60.60.60.60.60.60.60.60.60.60.60.60.60.60.60.60.60.60.60.60.60.60.60.60	TRAV6-5*04	TRAV6-5*01	TRAV6-5	TRAJ27*01	TRAJ27*01	TRAJ27	TRBV1*01	TRBV1*01	TRBV1	TRBJ2-7*01	TRBJ2-7*01	TRBJ2-7	TRAV6-5*04:391;TRAV6N-5*01:383;TRAV6D-5*01:383;TRAV6-5*02:367;TRAV6-5*01:367;TRAV6-5*03:363	TRAJ27*01:105	TRBV1*01:385;TRBV1*02:369	TRBJ2-7*01:84;TRBJ2-7*02:76	OK	1.71193178582e-08	6.55325028834e-06	0.078875	0.03312	1.09374299298e-09	1.34378460705e-08	1.73219915102e-06	0.042	0.184706657877	2.70789420291e-10	----dRG-------	+6-6	tagggg	----aw--gd----	+4-10	ct++++++++++ag	WT2.WT-C07;WT2.WT-D07	2
WT2.WT-G1.clone	NP311	WT2	TRAV16D/DV11*01	TRAV16*01	0	28	4e-54	4	TRAJ27*01	TRAJ27*01	0	10	4e-26	77	TRBV3*01	TRBV3*01	1	78	1e-139	8	TRBJ2-7*01	TRBJ2-7*01	0	9	3e-19	80	CAMREGNTGKLTF	tgtgctatgagagaggggaatacaggcaaattaaccttt	60.60.60.60.60.60.60.60.60.60.60.60.60.60.60.60.60.60.60.60.60.60.60.60.60.60.60.60.60.60.60.60.60.60.60.60.60.60.60	CASSLTGGAREQYF	tgtgccagcagcttgactgggggggcgcgagaacagtacttc	60.60.60.60.60.60.60.60.60.60.60.60.60.60.60.60.60.60.60.60.60.60.60.60.60.60.60.60.60.60.60.60.60.60.60.60.60.60.60.60.60.60	TRAV16D/DV11*01	TRAV16*01	TRAV16	TRAJ27*01	TRAJ27*01	TRAJ27	TRBV3*01	TRBV3*01	TRBV3	TRBJ2-7*01	TRBJ2-7*01	TRBJ2-7	TRAV16D/DV11*01:200;TRAV16N*01:196;TRAV16D/DV11*02:192;TRAV16*01:192;TRAV16D/DV11*03:188;TRAV16*02:188;TRAV16*05:176;TRAV16*04:168;TRAV16*03:155	TRAJ27*01:103	TRBV3*01:484;TRBV3*02:476	TRBJ2-7*01:80;TRBJ2-7*02:72	OK	1.46223355908e-05	0.00558607755828	0.079035	0.03312	2.07915765201e-06	7.46196753132e-09	6.11180297249e-07	0.0661	0.184706657877	6.09225974546e-11	-----g-------	+1-7	g	--------aR----	+4-12	++++++++++++gcga	WT2.WT-G1	1
WT2.WT-A09.clone	NP311	WT2	TRAV6-7/DV9*04	TRAV6-7/DV9*04	0	34	1e-61	12	TRAJ57*01	TRAJ57*01	0	10	2e-31	93	TRBV3*01	TRBV3*01	1	77	1e-138	8	TRBJ2-7*01	TRBJ2-7*01	0	9	3e-19	80	CALSDANQGGSAKLIF	tgtgctctgagtgatgctaatcaaggagggtctgcgaagctcatcttt	60.60.60.60.60.60.60.60.60.60.60.60.60.60.60.60.60.60.60.60.60.60.60.60.60.60.60.60.60.60.60.60.60.60.60.60.60.60.60.60.60.60.60.60.60.60.60.60	CASSVTGGAREQYF	tgtgccagcagcgtgactgggggggcgcgagaacagtacttc	60.60.60.60.60.60.60.60.60.60.60.60.60.60.60.60.60.60.60.60.60.60.60.60.60.60.60.60.60.60.60.60.60.60.60.60.60.60.60.60.60.60	TRAV6-7/DV9*04	TRAV6-7/DV9*04	TRAV6-7/DV9	TRAJ57*01	TRAJ57*01	TRAJ57	TRBV3*01	TRBV3*01	TRBV3	TRBJ2-7*01	TRBJ2-7*01	TRBJ2-7	TRAV6-7/DV9*04:226;TRAV6N-7*01:214;TRAV6D-7*04:214;TRAV6-7/DV9*03:212;TRAV6-7/DV9*02:212	TRAJ57*01:121	TRBV3*01:478;TRBV3*02:470	TRBJ2-7*01:80;TRBJ2-7*02:72	OK	2.57788366128e-08	2.04761020676e-05	0.107375	0.011725	1.19601539174e-09	1.70193710705e-10	1.39398948416e-08	0.0661	0.184706657877	1.81363435234e-12	----DA----------	+6-2	gatgct	----V---aR----	+6-14	gt++++++++++++gcga	WT2.WT-A09;WT2.WT-E08;WT2.WT-F08;WT2.WT-G06	4
WT2.WT-G2.clone	NP311	WT2	TRAV14N-2*01	TRAV14-2*01	2	89	1e-157	71	TRAJ12*01	TRAJ12*01	0	10	6e-30	117	TRBV5*04	TRBV5*01	4	49	2e-82	45	TRBJ1-5*01	TRBJ1-5*01	1	9	6e-17	16	CAASAGTGGYKVVF	tgtgcagcaagtgcggggactggaggctataaagtggtcttt	60.60.60.60.60.60.60.60.60.60.60.60.60.60.60.60.60.60.60.60.60.60.60.60.60.60.60.60.60.60.60.60.60.60.60.60.60.60.60.60.60.60	CASSQQTDNQAPLF	tgtgccagcagccaacagacagacaaccaggctccgcttttt	60.60.60.60.60.60.60.60.60.60.60.60.60.60.60.60.60.60.60.60.60.60.60.60.60.60.60.60.60.60.60.60.60.60.60.60.60.60.60.60.60.60	TRAV14-2*01;TRAV14D-2*03;TRAV14N-2*01	TRAV14-2*01	TRAV14-2	TRAJ12*01	TRAJ12*01	TRAJ12	TRBV5*01;TRBV5*04	TRBV5*01	TRBV5	TRBJ1-5*01	TRBJ1-5*01	TRBJ1-5	TRAV14N-2*01:543;TRAV14D-2*03:543;TRAV14-2*01:543;TRAV14-2*03:511	TRAJ12*01:117	TRBV5*04:293;TRBV5*01:293;TRBV5*03:291;TRBV5*02:291;TRBV5*05:248	TRBJ1-5*01:72;TRBJ1-5*03:56;TRBJ1-5*02:56	OK	1.26728053947e-05	0.00683450325985	0.053645	0.034565	7.39278324444e-06	3.20896771875e-09	3.90854663018e-06	0.06147	0.0133563206734	1.97627312587e-09	----a---------	+1-0	c	-----Q--------	+2-9	ca+++++	WT2.WT-G2	1
WT2.WT-C08.clone	NP311	WT2	TRAV6-7/DV9*04	TRAV6-7/DV9*04	2	61	1e-104	44	TRAJ57*01	TRAJ57*01	0	10	3e-31	93	TRBV3*01	TRBV3*01	1	78	1e-139	8	TRBJ2-7*01	TRBJ2-7*01	0	9	2e-23	94	CALSEGNQGGSAKLIF	tgtgctctgagtgagggcaatcaaggagggtctgcgaagctcatcttt	60.60.60.60.60.60.60.60.60.60.60.60.60.60.60.60.60.60.60.60.60.60.60.60.60.60.60.60.60.60.60.60.60.60.60.60.60.60.60.60.60.60.60.60.60.60.60.60	CASSLTISYEQYF	tgtgccagcagcttgacaatctcctatgaacagtacttc	60.60.60.60.60.60.60.60.60.60.60.60.60.60.60.60.60.60.60.60.60.60.60.60.60.60.60.60.60.60.60.60.60.60.60.60.60.60.60	TRAV6-7/DV9*04	TRAV6-7/DV9*04	TRAV6-7/DV9	TRAJ57*01	TRAJ57*01	TRAJ57	TRBV3*01	TRBV3*01	TRBV3	TRBJ2-7*01	TRBJ2-7*01	TRBJ2-7	TRAV6-7/DV9*04:367;TRAV6N-7*01:323;TRAV6D-7*04:323	TRAJ57*01:121	TRBV3*01:484;TRBV3*02:476	TRBJ2-7*01:94;TRBJ2-7*02:86	OK	2.57788366128e-08	2.04761020676e-05	0.107375	0.011725	1.19601539174e-09	1.385997506e-07	1.13521583168e-05	0.0661	0.184706657877	2.96337780273e-08	----EG----------	+6-2	gagggc	------I------	+2-11	++++at	WT2.WT-C08;WT2.WT-C3	2
WT2.WT-H2.clone	NP311	WT2	TRAV9-1*02	TRAV9-1*01	2	46	5e-76	32	TRAJ31*01	TRAJ31*01	0	10	9e-25	8	TRBV5*04	TRBV5*01	2	49	3e-87	45	TRBJ1-5*01	TRBJ1-5*01	0	9	9e-22	16	CAVSPDSNNRIFL	tgtgctgtgagccctgatagcaataacagaatcttcttg	60.60.60.60.60.60.60.60.60.60.60.60.60.60.60.60.60.60.60.60.60.60.60.60.60.60.60.60.60.60.60.60.60.60.60.60.60.60.60	CASSQQTDNQAPLF	tgtgccagcagccaacagacagacaaccaggctccgcttttt	60.60.60.60.60.60.60.60.60.60.60.60.60.60.60.60.60.60.60.60.60.60.60.60.60.60.60.60.60.60.60.60.60.60.60.60.60.60.60.60.60.60	TRAV9-1*02	TRAV9-1*01	TRAV9-1	TRAJ31*01	TRAJ31*01	TRAJ31	TRBV5*01;TRBV5*04	TRBV5*01	TRBV5	TRBJ1-5*01	TRBJ1-5*01	TRBJ1-5	TRAV9-1*02:274;TRAV9D-1*02:272;TRAV9D-1*01:258;TRAV9-1*01:258;TRAV9D-3*01:242;TRAV9-4*01:234;TRAV9-2*01:234;TRAV9D-4*04:226;TRAV9-3*03:226;TRAV9-3*02:226;TRAV9-3*01:226	TRAJ31*01:100;TRAJ31*02:92	TRBV5*04:309;TRBV5*01:309;TRBV5*03:307;TRBV5*02:307;TRBV5*05:264	TRBJ1-5*01:88;TRBJ1-5*03:72;TRBJ1-5*02:72	OK	8.388898973e-08	7.92048822953e-05	0.031725	0.033385	1.81217632205e-08	3.20896771875e-09	3.90854663018e-06	0.06147	0.0133563206734	1.97627312587e-09	----Pd-------	+4-4	cctg	-----Q--------	+2-9	ca+++++	WT2.WT-H2	1
WT2.WT-C2.clone	NP311	WT2	TRAV16D/DV11*01	TRAV16*01	1	29	3e-55	4	TRAJ27*01	TRAJ27*01	0	10	5e-26	77	TRBV13-1*02	TRBV13-1*01	0	54	7e-97	194	TRBJ1-2*01	TRBJ1-2*01	0	9	6e-23	68	CAMREGNTGKLTF	tgtgctatgagagaggggaatacaggcaaattaaccttt	60.60.60.60.60.60.60.60.60.60.60.60.60.60.60.60.60.60.60.60.60.60.60.60.60.60.60.60.60.60.60.60.60.60.60.60.60.60.60	CASSEDRGNSDYTF	tgtgccagcagcgaggacagggggaactccgactacaccttc	60.60.60.60.60.60.60.60.60.60.60.60.60.60.60.60.60.60.60.60.60.60.60.60.60.60.60.60.60.60.60.60.60.60.60.60.60.60.60.60.60.60	TRAV16D/DV11*01	TRAV16*01	TRAV16	TRAJ27*01	TRAJ27*01	TRAJ27	TRBV13-1*02	TRBV13-1*01	TRBV13-1	TRBJ1-2*01	TRBJ1-2*01	TRBJ1-2	TRAV16D/DV11*01:204;TRAV16N*01:200;TRAV16D/DV11*02:196;TRAV16*01:196;TRAV16D/DV11*03:192;TRAV16*02:192;TRAV16*05:180;TRAV16*04:172;TRAV16*03:159	TRAJ27*01:103	TRBV13-1*02:341;TRBV13-1*01:333	TRBJ1-2*01:92	OK	1.46223355908e-05	0.00558607755828	0.079035	0.03312	2.07915765201e-06	4.14481025083e-07	7.16383211328e-05	0.10967	0.0527559454389	4.54821260549e-10	-----g-------	+1-7	g	---sE---------	+3-9	cga++++++++++	WT2.WT-C2;WT2.WT-C4;WT2.WT-C5;WT2.WT-F09;WT2.WT-F4;WT2.WT-H07;WT2.WT-H1	7
WT2.WT-C09.clone	NP311	WT2	TRAV16D/DV11*01	TRAV16*01	3	51	2e-76	4	TRAJ37*01	TRAJ37*01	0	10	1e-27	81	TRBV13-1*02	TRBV13-1*01	1	59	1e-107	199	TRBJ1-2*01	TRBJ1-2*01	0	9	7e-23	68	CAMREGNTGKLIF	tgtgctatgagagagggcaataccggaaaactcatcttt	60.60.60.60.60.60.60.60.60.60.60.60.60.60.60.60.60.60.60.60.60.60.60.60.60.60.60.60.60.60.60.60.60.60.60.60.60.60.60	CASSEDRGNSDYTF	tgtgccagcagtgaagacaggggcaactccgactacaccttc	60.60.60.60.60.60.60.60.60.60.60.60.60.60.60.60.60.60.60.60.60.60.60.60.60.60.60.60.60.60.60.60.60.60.60.60.60.60.60.60.60.60	TRAV16D/DV11*01	TRAV16*01	TRAV16	TRAJ37*01	TRAJ37*01	TRAJ37	TRBV13-1*02	TRBV13-1*01	TRBV13-1	TRBJ1-2*01	TRBJ1-2*01	TRBJ1-2	TRAV16D/DV11*01:276;TRAV16N*01:272;TRAV16D/DV11*02:268;TRAV16*01:268;TRAV16D/DV11*03:256;TRAV16*02:256;TRAV16*05:252;TRAV16*04:236	TRAJ37*01:109	TRBV13-1*02:377;TRBV13-1*01:369	TRBJ1-2*01:92	OK	2.86029995177e-05	0.00844778123914	0.079035	0.04284	1.66408728704e-05	4.14481025083e-07	7.16383211328e-05	0.10967	0.0527559454389	6.87711297269e-09	-------------	+0-7	-	----e--g------	+2-8	a++++++++c	WT2.WT-C09;WT2.WT-F2	2
WT2.WT-G4.clone	NP311	WT2	TRAV6-7/DV9*04	TRAV6-7/DV9*04	0	34	1e-61	14	TRAJ57*01	TRAJ57*01	0	10	6e-32	95	TRBV13-1*02	TRBV13-1*01	1	59	1e-106	195	TRBJ1-2*01	TRBJ1-2*01	0	9	7e-23	68	CALSGPNQGGSAKLIF	tgtgctctgagtggcccgaatcaaggagggtctgcgaagctcatcttt	60.60.60.60.60.60.60.60.60.60.60.60.60.60.60.60.60.60.60.60.60.60.60.60.60.60.60.60.60.60.60.60.60.60.60.60.60.60.60.60.60.60.60.60.60.60.60.60	CASSEDRGNSDYTF	tgtgccagcagcgaggacagggggaactccgactacaccttc	60.60.60.60.60.60.60.60.60.60.60.60.60.60.60.60.60.60.60.60.60.60.60.60.60.60.60.60.60.60.60.60.60.60.60.60.60.60.60.60.60.60	TRAV6-7/DV9*04	TRAV6-7/DV9*04	TRAV6-7/DV9	TRAJ57*01	TRAJ57*01	TRAJ57	TRBV13-1*02	TRBV13-1*01	TRBV13-1	TRBJ1-2*01	TRBJ1-2*01	TRBJ1-2	TRAV6-7/DV9*04:226;TRAV6N-7*01:212;TRAV6D-7*04:212;TRAV6-7/DV9*03:212;TRAV6-7/DV9*02:212	TRAJ57*01:123	TRBV13-1*02:371;TRBV13-1*01:363	TRBJ1-2*01:92	OK	5.15576732256e-08	4.09522041353e-05	0.107375	0.011725	8.58445029641e-09	4.14481025083e-07	7.16383211328e-05	0.10967	0.0527559454389	4.54821260549e-10	----GP----------	+5-1	ggccc	---sE---------	+3-9	cga++++++++++	WT2.WT-G4	1
WT2.WT-H08.clone	NP311	WT2	TRAV6D-6*02	TRAV6D-6*01	1	39	7e-69	0	TRAJ15*01	TRAJ15*01	0	10	1e-26	75	TRBV5*04	TRBV5*01	1	49	1e-89	45	TRBJ2-2*01	TRBJ2-2*01	0	9	1e-24	98	CALGDGGGRALIF	tgtgctctgggtgatgggggaggcagagctctgatattt	60.60.60.60.60.60.60.60.60.60.60.60.60.60.60.60.60.60.60.60.60.60.60.60.60.60.60.60.60.60.60.60.60.60.60.60.60.60.60	CASSQQGNTGQLYF	tgtgccagcagccaacaggggaacaccgggcagctctacttt	60.60.60.60.60.60.60.60.60.60.60.60.60.60.60.60.60.60.60.60.60.60.60.60.60.60.60.60.60.60.60.60.60.60.60.60.60.60.60.60.60.60	TRAV6-6*01;TRAV6D-6*02	TRAV6-6*01;TRAV6D-6*01	TRAV6-6;TRAV6D-6	TRAJ15*01	TRAJ15*01	TRAJ15	TRBV5*01;TRBV5*04	TRBV5*01	TRBV5	TRBJ2-2*01	TRBJ2-2*01	TRBJ2-2	TRAV6D-6*02:250;TRAV6-6*01:250;TRAV6D-6*01:242;TRAV6-7/DV9*01:234;TRAV6-6*03:230;TRAV6N-6*01:226;TRAV6D-6*05:226;TRAV6-7/DV9*08:226;TRAV6D-6*04:224;TRAV6-7/DV9*06:222;TRAV6-6*02:222;TRAV6D-7*01:218;TRAV6D-6*03:216;TRAV6-5*02:210;TRAV6-5*01:210;TRAV6D-7*02:208;TRAV6-7/DV9*07:206	TRAJ15*01:105	TRBV5*04:317;TRBV5*01:317;TRBV5*03:315;TRBV5*02:315;TRBV5*05:272	TRBJ2-2*01:98	OK	6.03060372389e-07	0.00016529225319	0.101515	0.03594	2.2120437357e-07	1.12767443796e-06	0.000319597246595	0.06147	0.0574007403276	3.88036139044e-07	----dG-------	+3-7	tgg	--------------	+0-8	++++++	WT2.WT-H08	1
WT2.WT-B09.clone	NP311	WT2	TRAV9-1*02	TRAV9-1*01	1	46	9e-81	31	TRAJ31*01	TRAJ31*01	0	10	9e-28	8	TRBV5*04	TRBV5*01	0	45	6e-85	45	TRBJ1-5*01	TRBJ1-5*01	0	9	9e-22	16	CAVSPNSNNRIFF	tgtgctgtgagccctaatagcaataacagaatcttcttt	60.60.60.60.60.60.60.60.60.60.60.60.60.60.60.60.60.60.60.60.60.60.60.60.60.60.60.60.60.60.60.60.60.60.60.60.60.60.60	CASSQQTDNQAPLF	tgtgccagcagccaacagacagacaaccaggctccgcttttt	60.60.60.60.60.60.60.60.60.60.60.60.60.60.60.60.60.60.60.60.60.60.60.60.60.60.60.60.60.60.60.60.60.60.60.60.60.60.60.60.60.60	TRAV9-1*02	TRAV9-1*01	TRAV9-1	TRAJ31*01	TRAJ31*01	TRAJ31	TRBV5*01;TRBV5*04	TRBV5*01	TRBV5	TRBJ1-5*01	TRBJ1-5*01	TRBJ1-5	TRAV9-1*02:289;TRAV9D-1*02:287;TRAV9D-1*01:274;TRAV9-1*01:274;TRAV9D-3*01:258	TRAJ31*01:109;TRAJ31*02:101	TRBV5*04:301;TRBV5*01:301;TRBV5*03:299;TRBV5*02:299;TRBV5*05:256	TRBJ1-5*01:88;TRBJ1-5*03:72;TRBJ1-5*02:72	OK	7.85960235881e-07	0.000742074593723	0.031725	0.033385	8.62397372253e-08	3.20896771875e-09	3.90854663018e-06	0.06147	0.0133563206734	1.97627312587e-09	----P--------	+3-3	cct	-----Q--------	+2-9	ca+++++	WT2.WT-B09;WT2.WT-C1;WT2.WT-D2	3
WT2.WT-H09.clone	NP311	WT2	TRAV6-5*04	TRAV6-5*01	1	58	1e-102	97	TRAJ42*01	TRAJ42*01	0	10	4e-33	29	TRBV3*01	TRBV3*01	1	77	1e-139	8	TRBJ2-7*01	TRBJ2-7*01	0	9	3e-19	80	CALTLNSGGSNAKLTF	tgtgctctgaccttaaattctggaggaagcaatgcaaagctaaccttc	60.60.60.60.60.60.60.60.60.60.60.60.60.60.60.60.60.60.60.60.60.60.60.60.60.60.60.60.60.60.60.60.60.60.60.60.60.60.60.60.60.60.60.60.60.60.60.60	CASSLTGGAREQYF	tgtgccagcagcttgactgggggggcgcgagaacagtacttc	60.60.60.60.60.60.60.60.60.60.60.60.60.60.60.60.60.60.60.60.60.60.60.60.60.60.60.60.60.60.60.60.60.60.60.60.60.60.60.60.60.60	TRAV6-5*04	TRAV6-5*01	TRAV6-5	TRAJ42*01	TRAJ42*01	TRAJ42	TRBV3*01	TRBV3*01	TRBV3	TRBJ2-7*01	TRBJ2-7*01	TRBJ2-7	TRAV6-5*04:361;TRAV6N-5*01:359;TRAV6D-5*01:359;TRAV6-5*03:341;TRAV6-5*02:337;TRAV6-5*01:337	TRAJ42*01:127;TRAJ42*02:98	TRBV3*01:482;TRBV3*02:474	TRBJ2-7*01:80;TRBJ2-7*02:72	OK	6.8458731593e-08	4.55133479161e-05	0.078875	0.01907	2.75615706482e-09	7.46196753132e-09	6.11180297249e-07	0.0661	0.184706657877	6.09225974546e-11	---TL-----------	+5-4	cctta	--------aR----	+4-12	++++++++++++gcga	WT2.WT-H09	1
WT2.WT-A1.clone	NP311	WT2	TRAV21/DV12*02	TRAV21/DV12*01	1	31	2e-56	180	TRAJ58*01	TRAJ58*01	0	10	8e-28	87	TRBV3*01	TRBV3*01	0	78	1e-141	8	TRBJ2-7*01	TRBJ2-7*01	0	9	3e-19	80	CILRVARGGTGSKLSF	tgtatcctgagagtagcgagagggggcactgggtctaagctgtcattt	60.60.60.60.60.60.60.60.60.60.60.60.60.60.60.60.60.60.60.60.60.60.60.60.60.60.60.60.60.60.60.60.60.60.60.60.60.60.60.60.60.60.60.60.60.60.60.60	CASSVTGGAREQYF	tgtgccagcagcgtgactgggggggcgcgagaacagtacttc	60.60.60.60.60.60.60.60.60.60.60.60.60.60.60.60.60.60.60.60.60.60.60.60.60.60.60.60.60.60.60.60.60.60.60.60.60.60.60.60.60.60	TRAV21/DV12*01;TRAV21/DV12*02	TRAV21/DV12*01	TRAV21/DV12	TRAJ58*01	TRAJ58*01	TRAJ58	TRBV3*01	TRBV3*01	TRBV3	TRBJ2-7*01	TRBJ2-7*01	TRBJ2-7	TRAV21/DV12*02:208;TRAV21/DV12*01:208	TRAJ58*01:109	TRBV3*01:488;TRBV3*02:480	TRBJ2-7*01:80;TRBJ2-7*02:72	OK	8.07260549655e-11	1.32515496133e-06	0.00821	0.00742	2.40775498669e-13	1.70193710705e-10	1.39398948416e-08	0.0661	0.184706657877	1.81363435234e-12	-----ARG--------	+8-8	cgagaggg	----V---aR----	+6-14	gt++++++++++++gcga	WT2.WT-A1;WT2.WT-D1;WT2.WT-E1;WT2.WT-D4	4
WT2.WT-F5.clone	NP311	WT2	TRAV6-7/DV9*04	TRAV6-7/DV9*04	0	34	1e-61	12	TRAJ57*01	TRAJ57*01	0	10	2e-31	93	TRBV3*01	TRBV3*01	0	78	1e-139	8	TRBJ2-7*01	TRBJ2-7*01	0	9	3e-19	80	CALSDPNQGGSAKLIF	tgtgctctgagtgatcccaatcaaggagggtctgcgaagctcatcttt	60.60.60.60.60.60.60.60.60.60.60.60.60.60.60.60.60.60.60.60.60.60.60.60.60.60.60.60.60.60.60.60.60.60.60.60.60.60.60.60.60.60.60.60.60.60.60.60	CASSSTGGAREQYF	tgtgccagcagctcgactgggggggcgcgggaacagtacttc	60.60.60.60.60.60.60.60.60.60.60.60.60.60.60.60.60.60.60.60.60.60.60.60.60.60.60.60.60.60.60.60.60.60.60.60.60.60.60.60.60.60	TRAV6-7/DV9*04	TRAV6-7/DV9*04	TRAV6-7/DV9	TRAJ57*01	TRAJ57*01	TRAJ57	TRBV3*01	TRBV3*01	TRBV3	TRBJ2-7*01	TRBJ2-7*01	TRBJ2-7	TRAV6-7/DV9*04:226;TRAV6N-7*01:214;TRAV6D-7*04:214;TRAV6-7/DV9*03:212;TRAV6-7/DV9*02:212	TRAJ57*01:121	TRBV3*01:482;TRBV3*02:474	TRBJ2-7*01:80;TRBJ2-7*02:72	OK	2.57788366128e-08	2.04761020676e-05	0.107375	0.011725	1.19601539174e-09	1.14831709179e-09	9.40541189104e-08	0.0661	0.184706657877	1.18185176872e-11	----DP----------	+6-2	gatccc	----s---aR----	+5-13	c++++++++++++gcgg	WT2.WT-F5	1
WT2.WT-C06.clone	NP311	WT2	TRAV6-7/DV9*04	TRAV6-7/DV9*04	1	31	7e-56	14	TRAJ57*01	TRAJ57*01	0	10	4e-32	95	TRBV13-1*02	TRBV13-1*01	1	55	1e-98	194	TRBJ1-2*01	TRBJ1-2*01	0	9	6e-23	68	CALSASNQGGSAKLIF	tgtgctctgagtgcttcgaatcaaggagggtctgcgaagctcatcttt	60.60.60.60.60.60.60.60.60.60.60.60.60.60.60.60.60.60.60.60.60.60.60.60.60.60.60.60.60.60.60.60.60.60.60.60.60.60.60.60.60.60.60.60.60.60.60.60	CASSEDRGNSDYTF	tgtgccagcagcgaggacagggggaactccgactacaccttc	60.60.60.60.60.60.60.60.60.60.60.60.60.60.60.60.60.60.60.60.60.60.60.60.60.60.60.60.60.60.60.60.60.60.60.60.60.60.60.60.60.60	TRAV6-7/DV9*04	TRAV6-7/DV9*04	TRAV6-7/DV9	TRAJ57*01	TRAJ57*01	TRAJ57	TRBV13-1*02	TRBV13-1*01	TRBV13-1	TRBJ1-2*01	TRBJ1-2*01	TRBJ1-2	TRAV6-7/DV9*04:206;TRAV6N-7*01:192;TRAV6D-7*04:192;TRAV6-7/DV9*03:192;TRAV6-7/DV9*02:192;TRAV6-2*02:161	TRAJ57*01:123	TRBV13-1*02:347;TRBV13-1*01:339	TRBJ1-2*01:92	OK	6.16129572063e-08	4.89391053365e-05	0.107375	0.011725	8.58445029641e-09	4.14481025083e-07	7.16383211328e-05	0.10967	0.0527559454389	4.54821260549e-10	----AS----------	+5-1	gcttc	---sE---------	+3-9	cga++++++++++	WT2.WT-C06	1
WT2.WT-F10.clone	NP311	WT2	TRAV9-1*02	TRAV9-1*01	2	46	6e-79	31	TRAJ43*01	TRAJ43*01	0	10	9e-28	23	TRBV2*01	TRBV2*01	1	36	7e-66	202	TRBJ2-3*01	TRBJ2-3*01	0	9	9e-25	74	CAVSANNNNAPRF	tgtgctgtgagcgcgaataacaacaatgccccacgattt	60.60.60.60.60.60.60.60.60.60.60.60.60.60.60.60.60.60.60.60.60.60.60.60.60.60.60.60.60.60.60.60.60.60.60.60.60.60.60	CASSPPQGSAETLYF	tgtgccagcagccccccccagggcagtgcagaaacgctgtatttt	60.60.60.60.60.60.60.60.60.60.60.60.60.60.60.60.60.60.60.60.60.60.60.60.60.60.60.60.60.60.60.60.60.60.60.60.60.60.60.60.60.60.60.60.60	TRAV9-1*02	TRAV9-1*01	TRAV9-1	TRAJ43*01	TRAJ43*01	TRAJ43	TRBV2*01	TRBV2*01	TRBV2	TRBJ2-3*01	TRBJ2-3*01	TRBJ2-3	TRAV9-1*02:283;TRAV9D-1*02:280;TRAV9-1*01:268;TRAV9D-1*01:266;TRAV9D-3*01:252	TRAJ43*01:109;TRAJ43*02:86	TRBV2*01:238	TRBJ2-3*01:98	OK	3.8481682294e-06	0.0056535846621	0.031725	0.021455	5.87512082466e-07	2.5429960508e-09	7.83057586734e-07	0.02962	0.109639470615	9.09066675964e-12	----A--------	+2-2	cg	----PP-g-------	+6-11	ccccc+++++c	WT2.WT-F10	1
WT2.WT-B1.clone	NP311	WT2	TRAV16N*01	TRAV16D/DV11*03	1	29	2e-53	0	TRAJ22*01	TRAJ22*01	0	10	3e-30	89	TRBV12-2*02	TRBV12-2*01	1	30	5e-54	39	TRBJ2-1*01	TRBJ2-1*01	0	9	2e-25	100	CAMRESSGSWQLIF	tgtgctatgagagaatcttctggcagctggcaactcatcttt	60.60.60.60.60.60.60.60.60.60.60.60.60.60.60.60.60.60.60.60.60.60.60.60.60.60.60.60.60.60.60.60.60.60.60.60.60.60.60.60.60.60	CASSRDFNYAEQFF	tgtgccagctcccgggactttaactatgctgagcagttcttc	60.60.60.60.60.60.60.60.60.60.60.60.60.60.60.60.60.60.60.60.60.60.60.60.60.60.60.60.60.60.60.60.60.60.60.60.60.60.60.60.60.60	TRAV16D/DV11*01;TRAV16N*01	TRAV16*01;TRAV16D/DV11*03	TRAV16	TRAJ22*01	TRAJ22*01	TRAJ22	TRBV12-2*01;TRBV12-2*02	TRBV12-2*01	TRBV12-2	TRBJ2-1*01	TRBJ2-1*01	TRBJ2-1	TRAV16N*01:198;TRAV16D/DV11*01:198;TRAV16D/DV11*03:190;TRAV16D/DV11*02:190;TRAV16*02:190;TRAV16*01:190;TRAV16*05:180;TRAV16*04:172;TRAV16*03:159	TRAJ22*01:117	TRBV12-2*02:198;TRBV12-2*01:198;TRBV12-1*02:159;TRBV12-1*01:159	TRBJ2-1*01:100	OK	6.71333527487e-05	0.0132907675341	0.079035	0.06391	1.87200427038e-05	6.24844218029e-08	1.03892355619e-05	0.04871	0.123472440546	2.42069917036e-09	--------------	+0-2	-	---sr-f-------	+3-9	cc++++++t	WT2.WT-B1	1
WT2.WT-A06.clone	NP311	WT2	TRAV6-7/DV9*04	TRAV6-7/DV9*04	0	34	1e-61	12	TRAJ57*01	TRAJ57*01	0	10	2e-31	93	TRBV3*01	TRBV3*01	0	78	1e-142	8	TRBJ2-7*01	TRBJ2-7*01	0	9	3e-19	80	CALSDANQGGSAKLIF	tgtgctctgagtgatgctaatcaaggagggtctgcgaagctcatcttt	60.60.60.60.60.60.60.60.60.60.60.60.60.60.60.60.60.60.60.60.60.60.60.60.60.60.60.60.60.60.60.60.60.60.60.60.60.60.60.60.60.60.60.60.60.60.60.60	CASSLTGGAREQYF	tgtgccagcagcttgactgggggggcgcgagaacagtacttc	60.60.60.60.60.60.60.60.60.60.60.60.60.60.60.60.60.60.60.60.60.60.60.60.60.60.60.60.60.60.60.60.60.60.60.60.60.60.60.60.60.60	TRAV6-7/DV9*04	TRAV6-7/DV9*04	TRAV6-7/DV9	TRAJ57*01	TRAJ57*01	TRAJ57	TRBV3*01	TRBV3*01	TRBV3	TRBJ2-7*01	TRBJ2-7*01	TRBJ2-7	TRAV6-7/DV9*04:226;TRAV6N-7*01:214;TRAV6D-7*04:214;TRAV6-7/DV9*03:212;TRAV6-7/DV9*02:212	TRAJ57*01:121	TRBV3*01:492;TRBV3*02:484	TRBJ2-7*01:80;TRBJ2-7*02:72	OK	2.57788366128e-08	2.04761020676e-05	0.107375	0.011725	1.19601539174e-09	7.46196753132e-09	6.11180297249e-07	0.0661	0.184706657877	6.09225974546e-11	----DA----------	+6-2	gatgct	--------aR----	+4-12	++++++++++++gcga	WT2.WT-A06;WT2.WT-A07;WT2.WT-B07;WT2.WT-B10;WT2.WT-B4;WT2.WT-B5;WT2.WT-C10;WT2.WT-E07;WT2.WT-E4;WT2.WT-E5;WT2.WT-F06;WT2.WT-F1;WT2.WT-F3;WT2.WT-G08;WT2.WT-G10;WT2.WT-G5;WT2.WT-H06;WT2.WT-H5	18
WT2.WT-G3.clone	NP311	WT2	TRAV4D-3*03	TRAV4D-3*03	1	36	1e-61	16	TRAJ33*01	TRAJ33*01	0	10	8e-28	109	TRBV3*01	TRBV3*01	0	78	1e-142	8	TRBJ2-7*01	TRBJ2-7*01	0	9	3e-19	80	CAVDSNYQLIW	tgtgctgtcgatagcaactatcagttgatctgg	60.60.60.60.60.60.60.60.60.60.60.60.60.60.60.60.60.60.60.60.60.60.60.60.60.60.60.60.60.60.60.60.60	CASSLTGGAREQYF	tgtgccagcagcttgactgggggggcgcgagaacagtacttc	60.60.60.60.60.60.60.60.60.60.60.60.60.60.60.60.60.60.60.60.60.60.60.60.60.60.60.60.60.60.60.60.60.60.60.60.60.60.60.60.60.60	TRAV4D-3*03	TRAV4D-3*03	TRAV4D-3	TRAJ33*01	TRAJ33*01	TRAJ33	TRBV3*01	TRBV3*01	TRBV3	TRBJ2-7*01	TRBJ2-7*01	TRBJ2-7	TRAV4D-3*03:226;TRAV4N-3*01:210;TRAV4D-4*02:210;TRAV4D-3*01:210;TRAV4-3*02:210;TRAV4-3*01:210;TRAV4N-4*01:202;TRAV4D-4*04:202;TRAV4D-4*03:202;TRAV4D-3*04:202;TRAV4D-3*02:202;TRAV4D-4*01:194;TRAV4-4/DV10*01:180;TRAV4-2*02:178;TRAV4-2*01:176	TRAJ33*01:109	TRBV3*01:492;TRBV3*02:484	TRBJ2-7*01:80;TRBJ2-7*02:72	OK	2.16193126296e-06	0.0016780784777	0.056805	0.02268	1.15740482192e-07	7.46196753132e-09	6.11180297249e-07	0.0661	0.184706657877	6.09225974546e-11	--V--------	+2-8	tc	--------aR----	+4-12	++++++++++++gcga	WT2.WT-G3	1
WT2.WT-E2.clone	NP311	WT2	TRAV7-6*02	TRAV7-6*02	1	87	1e-153	71	TRAJ22*01	TRAJ22*01	0	10	5e-30	89	TRBV2*01	TRBV2*01	1	32	4e-61	186	TRBJ2-7*01	TRBJ2-7*01	0	9	1e-23	94	CAVRGSSGSWQLIF	tgtgcagtgaggggatcttctggcagctggcaactcatcttt	60.60.60.60.60.60.60.60.60.60.60.60.60.60.60.60.60.60.60.60.60.60.60.60.60.60.60.60.60.60.60.60.60.60.60.60.60.60.60.60.60.60	CASSRDWGGSYEQYF	tgtgccagcagccgggactgggggggctcctatgaacagtacttc	60.60.60.60.60.60.60.60.60.60.60.60.60.60.60.60.60.60.60.60.60.60.60.60.60.60.60.60.60.60.60.60.60.60.60.60.60.60.60.60.60.60.60.60.60	TRAV7-6*02	TRAV7-6*02	TRAV7-6	TRAJ22*01	TRAJ22*01	TRAJ22	TRBV2*01	TRBV2*01	TRBV2	TRBJ2-7*01	TRBJ2-7*01	TRBJ2-7	TRAV7-6*02:529	TRAJ22*01:117	TRBV2*01:222	TRBJ2-7*01:94;TRBJ2-7*02:86	OK	1.88508451044e-06	0.00167447766784	0.017615	0.06391	9.81199077025e-08	4.02904384069e-07	7.36434945706e-05	0.02962	0.184706657877	2.47926074692e-07	---rG---------	+3-2	ggg	---------------	+0-5	+++++++++++++	WT2.WT-E2	1
WT2.WT-F07.clone	NP311	WT2	TRAV6-7/DV9*04	TRAV6-7/DV9*04	1	34	1e-60	12	TRAJ57*01	TRAJ57*01	0	10	3e-30	89	TRBV3*02	TRBV3*02	1	15	3e-27	0	TRBJ2-7*01	TRBJ2-7*01	0	9	1e-19	80	CALSEGFQGGSAKLIF	tgtgctctgagtgagggctttcaaggagggtctgcgaagctcatcttt	60.60.60.60.60.60.60.60.60.60.60.60.60.60.60.60.60.60.60.60.60.60.60.60.60.60.60.60.60.60.60.60.60.60.60.60.60.60.60.60.60.60.60.60.60.60.60.60	CASSVTGGAREQYF	tgtgccagcagcgtgactgggggggcgcgagaacagtacttc	60.60.60.60.60.60.60.60.60.60.60.60.60.60.60.60.60.60.60.60.60.60.60.60.60.60.60.60.60.60.60.60.60.60.60.60.60.60.60.60.60.60	TRAV6-7/DV9*04	TRAV6-7/DV9*04	TRAV6-7/DV9	TRAJ57*01	TRAJ57*01	TRAJ57	TRBV3*01;TRBV3*02	TRBV3*01;TRBV3*02	TRBV3	TRBJ2-7*01	TRBJ2-7*01	TRBJ2-7	TRAV6-7/DV9*04:222;TRAV6N-7*01:210;TRAV6D-7*04:210;TRAV6-7/DV9*03:208;TRAV6-7/DV9*02:208;TRAV6-2*02:174	TRAJ57*01:117	TRBV3*02:109;TRBV3*01:109	TRBJ2-7*01:80;TRBJ2-7*02:72	OK	1.99431844317e-10	1.58408498456e-07	0.107375	0.011725	2.11227016242e-11	2.30332974786e-10	1.88656645053e-08	0.0661	0.184706657877	2.38527666182e-12	----EGF---------	+8-4	gagggctt	----V---aR----	+6-13	gt++++++++++++gcga	WT2.WT-F07	1
LCK1.LCK-G04.clone	NP311_LCK	LCK1	TRAV6-7/DV9*04	TRAV6-7/DV9*04	0	34	1e-61	12	TRAJ57*01	TRAJ57*01	0	10	2e-31	93	TRBV3*01	TRBV3*01	0	78	1e-141	8	TRBJ2-7*01	TRBJ2-7*01	0	9	2e-23	94	CALSETNQGGSAKLIF	tgtgctctgagtgaaactaatcaaggagggtctgcgaagctcatcttt	60.60.60.60.60.60.60.60.60.60.60.60.60.60.60.60.60.60.60.60.60.60.60.60.60.60.60.60.60.60.60.60.60.60.60.60.60.60.60.60.60.60.60.60.60.60.60.60	CASSLTGGSYEQYF	tgtgccagcagcctgactgggggctcctatgaacagtacttc	60.60.60.60.60.60.60.60.60.60.60.60.60.60.60.60.60.60.60.60.60.60.60.60.60.60.60.60.60.60.60.60.60.60.60.60.60.60.60.60.60.60	TRAV6-7/DV9*04	TRAV6-7/DV9*04	TRAV6-7/DV9	TRAJ57*01	TRAJ57*01	TRAJ57	TRBV3*01	TRBV3*01	TRBV3	TRBJ2-7*01	TRBJ2-7*01	TRBJ2-7	TRAV6-7/DV9*04:226;TRAV6N-7*01:214;TRAV6D-7*04:214;TRAV6-7/DV9*03:212;TRAV6-7/DV9*02:212	TRAJ57*01:121	TRBV3*01:488;TRBV3*02:480	TRBJ2-7*01:94;TRBJ2-7*02:86	OK	2.57788366128e-08	2.04761020676e-05	0.107375	0.011725	1.19601539174e-09	6.04899120017e-06	0.000495448985038	0.0661	0.184706657877	3.78779289993e-08	----ET----------	+6-2	gaaact	----L---------	+2-10	ct+++++++++	LCK1.LCK-G04	1
LCK1.LCK-A01.clone	NP311_LCK	LCK1	TRAV6N-5*01	TRAV6-5*01	3	61	8e-88	55	TRAJ12*01	TRAJ12*01	0	10	1e-27	85	TRBV13-1*02	TRBV13-1*01	1	59	1e-107	199	TRBJ1-2*01	TRBJ1-2*01	0	9	7e-23	68	CVLGGTGGYKVVF	tgtgttctgggggggactggaggctataaagtggtcttt	60.60.60.60.60.60.60.60.60.60.60.60.60.60.60.60.60.60.60.60.60.60.60.60.60.60.60.60.60.60.60.60.60.60.60.60.60.60.60	CASSEDRPNSDYTF	tgtgccagcagtgaggacaggcccaactccgactacaccttc	60.60.60.60.60.60.60.60.60.60.60.60.60.60.60.60.60.60.60.60.60.60.60.60.60.60.60.60.60.60.60.60.60.60.60.60.60.60.60.60.60.60	TRAV6D-5*01;TRAV6N-5*01	TRAV6-5*01	TRAV6-5	TRAJ12*01	TRAJ12*01	TRAJ12	TRBV13-1*02	TRBV13-1*01	TRBV13-1	TRBJ1-2*01	TRBJ1-2*01	TRBJ1-2	TRAV6N-5*01:313;TRAV6D-5*01:313;TRAV6-5*04:309;TRAV6-5*03:291;TRAV6-5*02:285;TRAV6-5*01:285	TRAJ12*01:109	TRBV13-1*02:377;TRBV13-1*01:369	TRBJ1-2*01:92	OK	3.3897129448e-05	0.0124333164799	0.078875	0.034565	1.01618781835e-05	8.08836275414e-08	1.39798131484e-05	0.10967	0.0527559454389	5.32098837354e-10	-------------	+0-3	-	-------P------	+3-9	+++++++ccc	LCK1.LCK-A01;LCK1.LCK-A05;LCK1.LCK-A06;LCK1.LCK-B02;LCK1.LCK-B07;LCK1.LCK-C02;LCK1.LCK-C04;LCK1.LCK-C10;LCK1.LCK-D01;LCK1.LCK-D02;LCK1.LCK-D06;LCK1.LCK-D07;LCK1.LCK-D08;LCK1.LCK-D10;LCK1.LCK-E01;LCK1.LCK-E10;LCK1.LCK-F01;LCK1.LCK-F08;LCK1.LCK-F10;LCK1.LCK-G01;LCK1.LCK-G02;LCK1.LCK-G06;LCK1.LCK-G08;LCK1.LCK-G09;LCK1.LCK-H02;LCK1.LCK-H09;LCK1.LCK-H10	27
LCK1.LCK-B09.clone	NP311_LCK	LCK1	TRAV6N-5*01	TRAV6-5*01	3	61	2e-85	51	TRAJ12*01	TRAJ12*01	0	10	1e-27	85	TRBV3*01	TRBV3*01	1	78	1e-138	8	TRBJ2-7*01	TRBJ2-7*01	0	9	2e-23	94	CVLGGTGGYKVVF	tgtgttctgggggggactggaggctataaagtggtcttt	60.60.60.60.60.60.60.60.60.60.60.60.60.60.60.60.60.60.60.60.60.60.60.60.60.60.60.60.60.60.60.60.60.60.60.60.60.60.60	CASSLTGGSYEQYF	tgtgccagcagcctgactgggggctcctatgaacagtacttc	60.60.60.60.60.60.60.60.60.60.60.60.60.60.60.60.60.60.60.60.60.60.60.60.60.60.60.60.60.60.60.60.60.60.60.60.60.60.60.60.60.60	TRAV6D-5*01;TRAV6N-5*01	TRAV6-5*01	TRAV6-5	TRAJ12*01	TRAJ12*01	TRAJ12	TRBV3*01	TRBV3*01	TRBV3	TRBJ2-7*01	TRBJ2-7*01	TRBJ2-7	TRAV6N-5*01:305;TRAV6D-5*01:305;TRAV6-5*04:301;TRAV6-5*03:283;TRAV6-5*02:278;TRAV6-5*01:278	TRAJ12*01:109	TRBV3*01:480;TRBV3*02:472	TRBJ2-7*01:94;TRBJ2-7*02:86	OK	3.3897129448e-05	0.0124333164799	0.078875	0.034565	1.01618781835e-05	6.04899120017e-06	0.000495448985038	0.0661	0.184706657877	3.78779289993e-08	-------------	+0-3	-	----L---------	+2-10	ct+++++++++	LCK1.LCK-B09	1
LCK1.LCK-F09.clone	NP311_LCK	LCK1	TRAV13D-1*01	TRAV13-1*01	2	55	1e-95	18	TRAJ40*01	TRAJ40*01	0	10	4e-30	81	TRBV2*01	TRBV2*01	1	36	7e-66	202	TRBJ1-2*01	TRBJ1-2*01	0	9	5e-23	92	CALDGNTGNYKYVF	tgtgctttggatggtaatacaggaaactacaaatacgtcttt	60.60.60.60.60.60.60.60.60.60.60.60.60.60.60.60.60.60.60.60.60.60.60.60.60.60.60.60.60.60.60.60.60.60.60.60.60.60.60.60.60.60	CASSPLSNSDYTF	tgtgccagcagccctctttctaactccgactacaccttc	60.60.60.60.60.60.60.60.60.60.60.60.60.60.60.60.60.60.60.60.60.60.60.60.60.60.60.60.60.60.60.60.60.60.60.60.60.60.60	TRAV13D-1*01	TRAV13-1*01	TRAV13-1	TRAJ40*01	TRAJ40*01	TRAJ40	TRBV2*01	TRBV2*01	TRBV2	TRBJ1-2*01	TRBJ1-2*01	TRBJ1-2	TRAV13D-1*01:339;TRAV13D-1*02:337;TRAV13D-1*03:321;TRAV13-1*01:299;TRAV13D-4*02:291	TRAJ40*01:117	TRBV2*01:238	TRBJ1-2*01:92	OK	4.44235516216e-07	0.000219362721366	0.056615	0.03577	1.36606573639e-07	7.25047670159e-09	4.63991576995e-06	0.02962	0.0527559454389	2.41406964863e-12	---dG---------	+3-4	tgg	-----LS------	+6-18	++ctttct	LCK1.LCK-F09;LCK1.LCK-H04;LCK1.LCK-H07	3
LCK1.LCK-B10.clone	NP311_LCK	LCK1	TRAV13D-1*01	TRAV13-1*01	2	55	1e-95	18	TRAJ40*01	TRAJ40*01	0	10	4e-30	81	TRBV2*01	TRBV2*01	1	36	8e-63	192	TRBJ1-2*01	TRBJ1-2*01	0	9	2e-20	84	CALDGNTGNYKYVF	tgtgctttggatggtaatacaggaaactacaaatacgtcttt	60.60.60.60.60.60.60.60.60.60.60.60.60.60.60.60.60.60.60.60.60.60.60.60.60.60.60.60.60.60.60.60.60.60.60.60.60.60.60.60.60.60	CASSPLSNSDYTF	tgtgccagcagccctctttctaactccgattacaccttc	60.60.60.60.60.60.60.60.60.60.60.60.60.60.60.60.60.60.60.60.60.60.60.60.60.60.60.60.60.60.60.60.60.60.60.60.60.60.60	TRAV13D-1*01	TRAV13-1*01	TRAV13-1	TRAJ40*01	TRAJ40*01	TRAJ40	TRBV2*01	TRBV2*01	TRBV2	TRBJ1-2*01	TRBJ1-2*01	TRBJ1-2	TRAV13D-1*01:339;TRAV13D-1*02:337;TRAV13D-1*03:321;TRAV13-1*01:299;TRAV13D-4*02:291	TRAJ40*01:117	TRBV2*01:228	TRBJ1-2*01:84	OK	4.44235516216e-07	0.000219362721366	0.056615	0.03577	1.36606573639e-07	7.25047670159e-09	4.63991576995e-06	0.02962	0.0527559454389	2.41406964863e-12	---dG---------	+3-4	tgg	-----LS------	+6-18	++ctttct	LCK1.LCK-B10	1
LCK1.LCK-A04.clone	NP311_LCK	LCK1	TRAV6N-5*01	TRAV6-5*01	3	61	8e-88	55	TRAJ12*01	TRAJ12*01	0	10	1e-27	85	TRBV13-1*02	TRBV13-1*01	3	59	1e-102	198	TRBJ1-2*01	TRBJ1-2*01	0	9	1e-20	60	CVLGGTGGYKVVF	tgtgttctgggggggactggaggctataaagtggtcttt	60.60.60.60.60.60.60.60.60.60.60.60.60.60.60.60.60.60.60.60.60.60.60.60.60.60.60.60.60.60.60.60.60.60.60.60.60.60.60	CASSEDRPNSDYTF	tgtgccagcagtgaggacaggcccaactccgattacaccttc	60.60.60.60.60.60.60.60.60.60.60.60.60.60.60.60.60.60.60.60.60.60.60.60.60.60.60.60.60.60.60.60.60.60.60.60.60.60.60.60.60.60	TRAV6D-5*01;TRAV6N-5*01	TRAV6-5*01	TRAV6-5	TRAJ12*01	TRAJ12*01	TRAJ12	TRBV13-1*02	TRBV13-1*01	TRBV13-1	TRBJ1-2*01	TRBJ1-2*01	TRBJ1-2	TRAV6N-5*01:313;TRAV6D-5*01:313;TRAV6-5*04:309;TRAV6-5*03:291;TRAV6-5*02:285;TRAV6-5*01:285	TRAJ12*01:109	TRBV13-1*02:359;TRBV13-1*01:351	TRBJ1-2*01:84	OK	3.3897129448e-05	0.0124333164799	0.078875	0.034565	1.01618781835e-05	8.08836275414e-08	1.39798131484e-05	0.10967	0.0527559454389	5.32098837354e-10	-------------	+0-3	-	-------P------	+3-9	+++++++ccc	LCK1.LCK-A04;LCK1.LCK-A09;LCK1.LCK-B05;LCK1.LCK-D04;LCK1.LCK-D09;LCK1.LCK-E05;LCK1.LCK-F02	7
LCK1.LCK-A07.clone	NP311_LCK	LCK1	TRAV7-1*01	TRAV7-1*01	4	87	1e-138	107	TRAJ33*01	TRAJ33*01	0	10	5e-27	83	TRBV13-2*04	TRBV13-2*01	1	59	1e-109	78	TRBJ2-4*01	TRBJ2-4*01	0	9	1e-15	68	CAVNSNYQLIW	tgtgcagtgaatagcaactatcagttgatctgg	60.60.60.60.60.60.60.60.60.60.60.60.60.60.60.60.60.60.60.60.60.60.60.60.60.60.60.60.60.60.60.60.60	CASGDGMGGSRYF	tgtgccagcggtgatggtatgggggggtcgagatacttt	60.60.60.60.60.60.60.60.60.60.60.60.60.60.60.60.60.60.60.60.60.60.60.60.60.60.60.60.60.60.60.60.60.60.60.60.60.60.60	TRAV7-1*01	TRAV7-1*01	TRAV7-1	TRAJ33*01	TRAJ33*01	TRAJ33	TRBV13-2*01;TRBV13-2*04	TRBV13-2*01	TRBV13-2	TRBJ2-4*01	TRBJ2-4*01	TRBJ2-4	TRAV7-1*01:482	TRAJ33*01:107	TRBV13-2*04:381;TRBV13-2*01:381;TRBV13-2*03:373;TRBV13-2*02:359	TRBJ2-4*01:68	OK	7.05353119236e-07	0.00345366193402	0.009005	0.02268	5.69850421852e-07	4.67078741778e-14	3.9876371008e-12	0.12765	0.0917600527357	2.9291948684e-17	-----------	+0-6	-	-----Gm--SR--	+9-21	gta++++++++tcgaga	LCK1.LCK-A07;LCK1.LCK-E07;LCK1.LCK-G10;LCK1.LCK-H08	4
LCK1.LCK-C08.clone	NP311_LCK	LCK1	TRAV21/DV12*02	TRAV21/DV12*01	1	31	2e-54	174	TRAJ57*01	TRAJ57*01	0	10	1e-32	97	TRBV5*04	TRBV5*01	1	49	2e-88	41	TRBJ2-3*01	TRBJ2-3*01	0	9	1e-24	74	CILRGLNQGGSAKLIF	tgtatcctgagaggcttgaatcaaggagggtctgcgaagctcatcttt	60.60.60.60.60.60.60.60.60.60.60.60.60.60.60.60.60.60.60.60.60.60.60.60.60.60.60.60.60.60.60.60.60.60.60.60.60.60.60.60.60.60.60.60.60.60.60.60	CASSRQTSAETLYF	tgtgccagcagccgacagactagtgcagaaacgctgtatttt	60.60.60.60.60.60.60.60.60.60.60.60.60.60.60.60.60.60.60.60.60.60.60.60.60.60.60.60.60.60.60.60.60.60.60.60.60.60.60.60.60.60	TRAV21/DV12*01;TRAV21/DV12*02	TRAV21/DV12*01	TRAV21/DV12	TRAJ57*01	TRAJ57*01	TRAJ57	TRBV5*01;TRBV5*02;TRBV5*03;TRBV5*04	TRBV5*01	TRBV5	TRBJ2-3*01	TRBJ2-3*01	TRBJ2-3	TRAV21/DV12*02:202;TRAV21/DV12*01:202	TRAJ57*01:125	TRBV5*04:313;TRBV5*03:313;TRBV5*02:313;TRBV5*01:313;TRBV5*05:272	TRBJ2-3*01:98	OK	7.78503987365e-08	0.000808732381972	0.00821	0.011725	9.22736305779e-09	2.61129459388e-08	3.87458976215e-06	0.06147	0.109639470615	3.66056806431e-09	----Gl----------	+3-3	gct	------T-------	+3-9	+++++act	LCK1.LCK-C08;LCK1.LCK-G05	2
LCK1.LCK-B04.clone	NP311_LCK	LCK1	TRAV7-1*01	TRAV7-1*01	1	61	1e-106	76	TRAJ33*01	TRAJ33*01	0	10	4e-27	107	TRBV13-2*04	TRBV13-2*01	2	59	1e-104	78	TRBJ2-4*01	TRBJ2-4*01	0	9	1e-15	68	CAVNSNYQLIW	tgtgcagtgaatagcaactatcagttgatctgg	60.60.60.60.60.60.60.60.60.60.60.60.60.60.60.60.60.60.60.60.60.60.60.60.60.60.60.60.60.60.60.60.60	CASGDGTGGSRYF	tgtgccagcggtgatggtacgggggggtcgagatacttt	60.60.60.60.60.60.60.60.60.60.60.60.60.60.60.60.60.60.60.60.60.60.60.60.60.60.60.60.60.60.60.60.60.60.60.60.60.60.60	TRAV7-1*01	TRAV7-1*01	TRAV7-1	TRAJ33*01	TRAJ33*01	TRAJ33	TRBV13-2*01;TRBV13-2*04	TRBV13-2*01	TRBV13-2	TRBJ2-4*01	TRBJ2-4*01	TRBJ2-4	TRAV7-1*01:375	TRAJ33*01:107	TRBV13-2*04:365;TRBV13-2*01:365;TRBV13-2*03:357;TRBV13-2*02:343	TRBJ2-4*01:68	OK	7.05353119236e-07	0.00345366193402	0.009005	0.02268	5.69850421852e-07	7.59663729575e-12	6.485551581e-10	0.12765	0.0917600527357	6.29297680635e-18	-----------	+0-6	-	-----GT--SR--	+10-22	gtac+++++++tcgaga	LCK1.LCK-B04;LCK1.LCK-E06;LCK1.LCK-F06	3
LCK1.LCK-E04.clone	NP311_LCK	LCK1	TRAV6-7/DV9*04	TRAV6-7/DV9*04	0	34	1e-61	14	TRAJ57*01	TRAJ57*01	0	10	6e-32	95	TRBV3*01	TRBV3*01	2	77	1e-136	8	TRBJ2-7*01	TRBJ2-7*01	0	9	3e-19	80	CALSAPNQGGSAKLIF	tgtgctctgagtgccccgaatcaaggagggtctgcgaagctcatcttt	60.60.60.60.60.60.60.60.60.60.60.60.60.60.60.60.60.60.60.60.60.60.60.60.60.60.60.60.60.60.60.60.60.60.60.60.60.60.60.60.60.60.60.60.60.60.60.60	CASSLTGGAREQYF	tgtgccagcagcttgactgggggggcgcgggaacagtacttc	60.60.60.60.60.60.60.60.60.60.60.60.60.60.60.60.60.60.60.60.60.60.60.60.60.60.60.60.60.60.60.60.60.60.60.60.60.60.60.60.60.60	TRAV6-7/DV9*04	TRAV6-7/DV9*04	TRAV6-7/DV9	TRAJ57*01	TRAJ57*01	TRAJ57	TRBV3*01	TRBV3*01	TRBV3	TRBJ2-7*01	TRBJ2-7*01	TRBJ2-7	TRAV6-7/DV9*04:226;TRAV6N-7*01:212;TRAV6D-7*04:212;TRAV6-7/DV9*03:212;TRAV6-7/DV9*02:212	TRAJ57*01:123	TRBV3*01:474;TRBV3*02:466	TRBJ2-7*01:80;TRBJ2-7*02:72	OK	5.15576732256e-08	4.09522041353e-05	0.107375	0.011725	8.58445029641e-09	7.46196753132e-09	6.11180297249e-07	0.0661	0.184706657877	6.09225975061e-11	----AP----------	+5-1	gcccc	--------aR----	+4-12	++++++++++++gcgg	LCK1.LCK-E04	1
